-- MySQL dump 10.13  Distrib 5.5.46, for debian-linux-gnu (x86_64)
--
-- Host: localhost    Database: kaching
-- ------------------------------------------------------
-- Server version	5.5.46-0ubuntu0.14.04.2

/*!40101 SET @OLD_CHARACTER_SET_CLIENT=@@CHARACTER_SET_CLIENT */;
/*!40101 SET @OLD_CHARACTER_SET_RESULTS=@@CHARACTER_SET_RESULTS */;
/*!40101 SET @OLD_COLLATION_CONNECTION=@@COLLATION_CONNECTION */;
/*!40101 SET NAMES utf8 */;
/*!40103 SET @OLD_TIME_ZONE=@@TIME_ZONE */;
/*!40103 SET TIME_ZONE='+00:00' */;
/*!40014 SET @OLD_UNIQUE_CHECKS=@@UNIQUE_CHECKS, UNIQUE_CHECKS=0 */;
/*!40014 SET @OLD_FOREIGN_KEY_CHECKS=@@FOREIGN_KEY_CHECKS, FOREIGN_KEY_CHECKS=0 */;
/*!40101 SET @OLD_SQL_MODE=@@SQL_MODE, SQL_MODE='NO_AUTO_VALUE_ON_ZERO' */;
/*!40111 SET @OLD_SQL_NOTES=@@SQL_NOTES, SQL_NOTES=0 */;

--
-- Table structure for table `app_elements`
--

DROP TABLE IF EXISTS `app_elements`;
/*!40101 SET @saved_cs_client     = @@character_set_client */;
/*!40101 SET character_set_client = utf8 */;
CREATE TABLE `app_elements` (
  `id` int(10) unsigned NOT NULL AUTO_INCREMENT,
  `mabout` text COLLATE utf8_unicode_ci NOT NULL,
  `msupport` text COLLATE utf8_unicode_ci NOT NULL,
  `created_at` timestamp NOT NULL DEFAULT '0000-00-00 00:00:00',
  `updated_at` timestamp NOT NULL DEFAULT '0000-00-00 00:00:00',
  PRIMARY KEY (`id`)
) ENGINE=InnoDB AUTO_INCREMENT=2 DEFAULT CHARSET=utf8 COLLATE=utf8_unicode_ci;
/*!40101 SET character_set_client = @saved_cs_client */;

--
-- Dumping data for table `app_elements`
--

LOCK TABLES `app_elements` WRITE;
/*!40000 ALTER TABLE `app_elements` DISABLE KEYS */;
INSERT INTO `app_elements` VALUES (1,'For any queries or complaints, you can contact us on kachingtheapp@gmail.com ','The Kaching Merchant platform solves every restaurant/cafe/bar/nightclub owner’s biggest problem - Getting the word on deals and offers, out to the customers! Takes 10 seconds to sign up, and once you’re on board, you can keep posting as many deals as you want and edit them how ever you like - all in real time.','0000-00-00 00:00:00','0000-00-00 00:00:00');
/*!40000 ALTER TABLE `app_elements` ENABLE KEYS */;
UNLOCK TABLES;

--
-- Table structure for table `cities`
--

DROP TABLE IF EXISTS `cities`;
/*!40101 SET @saved_cs_client     = @@character_set_client */;
/*!40101 SET character_set_client = utf8 */;
CREATE TABLE `cities` (
  `id` int(10) unsigned NOT NULL AUTO_INCREMENT,
  `title` varchar(100) COLLATE utf8_unicode_ci NOT NULL,
  PRIMARY KEY (`id`)
) ENGINE=InnoDB AUTO_INCREMENT=3 DEFAULT CHARSET=utf8 COLLATE=utf8_unicode_ci;
/*!40101 SET character_set_client = @saved_cs_client */;

--
-- Dumping data for table `cities`
--

LOCK TABLES `cities` WRITE;
/*!40000 ALTER TABLE `cities` DISABLE KEYS */;
INSERT INTO `cities` VALUES (1,'Bangalore'),(2,'Chennai');
/*!40000 ALTER TABLE `cities` ENABLE KEYS */;
UNLOCK TABLES;

--
-- Table structure for table `countries`
--

DROP TABLE IF EXISTS `countries`;
/*!40101 SET @saved_cs_client     = @@character_set_client */;
/*!40101 SET character_set_client = utf8 */;
CREATE TABLE `countries` (
  `id` int(10) unsigned NOT NULL AUTO_INCREMENT,
  `title` varchar(100) COLLATE utf8_unicode_ci NOT NULL,
  PRIMARY KEY (`id`)
) ENGINE=InnoDB AUTO_INCREMENT=2 DEFAULT CHARSET=utf8 COLLATE=utf8_unicode_ci;
/*!40101 SET character_set_client = @saved_cs_client */;

--
-- Dumping data for table `countries`
--

LOCK TABLES `countries` WRITE;
/*!40000 ALTER TABLE `countries` DISABLE KEYS */;
INSERT INTO `countries` VALUES (1,'India');
/*!40000 ALTER TABLE `countries` ENABLE KEYS */;
UNLOCK TABLES;

--
-- Table structure for table `gcm`
--

DROP TABLE IF EXISTS `gcm`;
/*!40101 SET @saved_cs_client     = @@character_set_client */;
/*!40101 SET character_set_client = utf8 */;
CREATE TABLE `gcm` (
  `id` int(10) unsigned NOT NULL AUTO_INCREMENT,
  `user_id` int(10) unsigned NOT NULL,
  `gcm_id` varchar(200) COLLATE utf8_unicode_ci NOT NULL,
  `status` tinyint(1) NOT NULL DEFAULT '0',
  `created_at` timestamp NOT NULL DEFAULT '0000-00-00 00:00:00',
  `updated_at` timestamp NOT NULL DEFAULT '0000-00-00 00:00:00',
  PRIMARY KEY (`id`),
  KEY `gcm_user_id_foreign` (`user_id`),
  CONSTRAINT `gcm_user_id_foreign` FOREIGN KEY (`user_id`) REFERENCES `users` (`id`) ON DELETE CASCADE
) ENGINE=InnoDB DEFAULT CHARSET=utf8 COLLATE=utf8_unicode_ci;
/*!40101 SET character_set_client = @saved_cs_client */;

--
-- Dumping data for table `gcm`
--

LOCK TABLES `gcm` WRITE;
/*!40000 ALTER TABLE `gcm` DISABLE KEYS */;
/*!40000 ALTER TABLE `gcm` ENABLE KEYS */;
UNLOCK TABLES;

--
-- Table structure for table `merchant_store`
--

DROP TABLE IF EXISTS `merchant_store`;
/*!40101 SET @saved_cs_client     = @@character_set_client */;
/*!40101 SET character_set_client = utf8 */;
CREATE TABLE `merchant_store` (
  `id` int(10) unsigned NOT NULL AUTO_INCREMENT,
  `user_id` int(10) unsigned NOT NULL,
  `store_name` varchar(100) COLLATE utf8_unicode_ci NOT NULL,
  `landline` varchar(20) COLLATE utf8_unicode_ci DEFAULT NULL,
  `logoUrl` varchar(200) COLLATE utf8_unicode_ci NOT NULL DEFAULT 'default.jpg',
  `description` text COLLATE utf8_unicode_ci NOT NULL,
  `cost_two` int(11) NOT NULL,
  `status` tinyint(1) NOT NULL DEFAULT '0',
  `created_at` timestamp NOT NULL DEFAULT '0000-00-00 00:00:00',
  `updated_at` timestamp NOT NULL DEFAULT '0000-00-00 00:00:00',
  `veg` tinyint(1) NOT NULL DEFAULT '1',
  PRIMARY KEY (`id`),
  KEY `merchant_store_user_id_foreign` (`user_id`),
  CONSTRAINT `merchant_store_user_id_foreign` FOREIGN KEY (`user_id`) REFERENCES `users` (`id`) ON DELETE CASCADE
) ENGINE=InnoDB AUTO_INCREMENT=87 DEFAULT CHARSET=utf8 COLLATE=utf8_unicode_ci;
/*!40101 SET character_set_client = @saved_cs_client */;

--
-- Dumping data for table `merchant_store`
--

LOCK TABLES `merchant_store` WRITE;
/*!40000 ALTER TABLE `merchant_store` DISABLE KEYS */;
INSERT INTO `merchant_store` VALUES (1,6,'Harvey, Jerde and Huel','(457)027-1289x3080','default.jpg','Eum et sit ut voluptates alias laboriosam corrupti ipsum sit architecto voluptatem laborum architecto.',500,0,'2016-02-10 01:05:30','2016-02-10 01:05:30',1),(4,4,'Kutch, Thiel and Krajcik','+61(7)6901863157','default.jpg','Aut in sint ut asperiores dolorem maxime.',500,0,'2016-02-10 01:05:30','2016-02-10 01:05:30',1),(5,3,'Cruickshank, Buckridge and Weimann','785-489-8398x818','default.jpg','Aut nesciunt ab sint voluptatem quae vero veritatis.',500,0,'2016-02-10 01:05:30','2016-02-10 01:05:30',1),(6,5,'Wunsch-Kris','071-682-6593','default.jpg','Et omnis ut enim dolores est vel est aut vero ad.',500,0,'2016-02-10 01:05:30','2016-02-10 01:05:30',1),(7,2,'Kohler, Stiedemann and Hackett','(022)685-1493x52054','default.jpg','Molestiae non enim dicta repellendus modi facilis repudiandae.',500,0,'2016-02-10 01:05:30','2016-02-10 01:05:30',1),(8,9,'Hoppe, Blick and Rutherford','884.787.9391x455','default.jpg','Ut est sequi voluptas quo rerum veritatis quidem natus eum.',500,0,'2016-02-10 01:05:30','2016-02-10 01:05:30',1),(9,7,'Denesik Inc','290.262.8504x05096','default.jpg','Nulla perspiciatis commodi dolorem sunt mollitia expedita perferendis omnis.',500,0,'2016-02-10 01:05:30','2016-02-10 01:05:30',1),(10,8,'Schmitt, Langosh and Leffler','02859399891','default.jpg','Eligendi sint voluptatem dolores aut odio accusamus et illum quia.',500,0,'2016-02-10 01:05:30','2016-02-10 01:05:30',1),(11,24,'test','12345678912','14551087986512bd43d9caa6e02c990b0a82652dca.jpg','this is a description presented',200,1,'2016-02-10 17:53:18','2016-02-10 17:53:18',1),(12,28,'test','8547421850','1455115599c20ad4d76fe97759aa27a0c99bff6710.png','this is a test description',200,0,'2016-02-10 19:46:39','2016-02-10 20:06:02',1),(13,29,'Eggsclusive','04445528005','default.jpg','Enjoy delights ',90,0,'2016-02-10 21:18:41','2016-02-10 21:24:14',1),(14,32,'asdd','08702510865','default.jpg','vdbfbnxncncnncvnnncncn',200,0,'2016-02-10 22:09:02','2016-02-11 12:13:26',1),(15,33,'Ciclo Cafe','88885555555','14551251039bf31c7ff062936a96d3c8bd1f8f2ff3.jpg','okay insufficient s ',55,1,'2016-02-10 22:25:03','2016-03-11 00:17:55',1),(16,34,'test','8547421850','default.jpg','this is a sample des',200,1,'2016-02-11 10:08:11','2016-02-11 10:08:11',1),(17,35,'test','8547421850','1455269514d41d8cd98f00b204e9800998ecf8427e.jpg','this is description',3005,1,'2016-02-11 10:16:17','2016-02-12 14:31:54',1),(18,36,'test','8547421850','default.jpg','this is description',880,1,'2016-02-11 12:09:43','2016-02-11 12:09:43',1),(19,37,'trst','8547421850','1455186556d41d8cd98f00b204e9800998ecf8427e.jpg','this is the description',200,1,'2016-02-11 12:13:59','2016-02-11 15:29:16',1),(20,38,'Jesus ','04448896565','1455177385d41d8cd98f00b204e9800998ecf8427e.png','okay okay okay ',80,1,'2016-02-11 12:32:26','2016-02-14 17:23:34',1),(21,39,'kk','088888888','default.jpg','yc7gycugugucuc',500,1,'2016-02-11 14:50:33','2016-02-11 14:50:33',1),(22,41,'Kachingdaw','7358295419','1455283796b6d767d2f8ed5d21a44b0e5886680cb9.jpg','Mass epic. pls come thnx genie owner has to give me 6k ',500,1,'2016-02-12 18:29:56','2016-02-12 18:29:56',1),(23,42,'Test','04445528800','default.jpg','he he he he he ',600,1,'2016-02-12 21:54:10','2016-02-12 21:54:10',1),(24,43,'test','8511067716','14553022271ff1de774005f8da13f42943881c655f.jpeg','nsjshdddhdbkdh dhdvdidhe',250,1,'2016-02-12 23:37:07','2016-02-12 23:37:07',1),(25,51,'Madabushi','9176999900','default.jpg','gheikbsbikwnbehe',2000,1,'2016-02-13 10:16:25','2016-02-13 10:16:25',1),(26,52,'test','8547421850','default.jpg','this is the description',200,1,'2016-02-15 12:54:31','2016-02-15 12:54:31',1),(27,27,'newstoe jdhdjdjd dudbdjdjdbd dhdbsjdbdhd dhshdhs','123456789','145562751302e74f10e0327ad868d138f2b4fdd6f0.jpeg','bdisbdjhdodhdj',200,1,'2016-02-16 17:58:33','2016-02-17 13:42:40',1),(28,57,'ferraree','04428159999','default.jpg','multicuisine buffet restaurent...',1300,1,'2016-02-22 16:03:28','2016-02-22 16:03:28',1),(29,57,'ferraree','04428159999','default.jpg','multicuisine buffet restaurent... come as 5 and pay for 4',1300,1,'2016-02-22 16:05:37','2016-02-22 16:05:37',1),(30,57,'ferraree','04428159999','default.jpg','multicuisine buffet restaurent... come as 5 and pay for 4',1300,1,'2016-02-22 16:05:58','2016-02-22 16:05:58',1),(31,58,'test','8547421850','1456664462c16a5320fa475530d9583c34fd356ef5.jpg','this is test description',200,1,'2016-02-24 12:19:21','2016-02-28 18:01:02',1),(32,58,'test','8547421850','default.jpg','this is test description',200,1,'2016-02-24 12:20:05','2016-02-24 12:20:05',1),(33,21,'abhilash','0402510865','default.jpg','vdbxbbxbbxbxbxbx',200,1,'2016-02-25 20:02:49','2016-02-25 20:02:49',1),(34,66,'Subway ','9840465375','1456496253e369853df766fa44e1ed0ff613f563bd.png','Delicious Mouth watering lunch served in traditional Indian style lolololll dhan',500,1,'2016-02-26 19:17:33','2016-03-06 17:19:11',1),(35,67,'Merchat','0402510865','14565074651c383cd30b7c298ab50293adfecb7b18.jpg','elegant restaurant',200,1,'2016-02-26 22:24:25','2016-02-26 22:24:25',1),(36,71,'ssg fs','4455525455','default.jpg','dtdjskiai aux',522,1,'2016-02-27 17:41:16','2016-02-27 17:41:16',1),(37,79,'Eggsclusive','04445528006','default.jpg','delight with great sandwiches. ',500,1,'2016-02-28 20:46:06','2016-02-28 20:46:06',1),(38,80,'coffee day','9840356790','default.jpg','coffee shop',2,1,'2016-02-28 20:58:01','2016-02-28 20:58:01',1),(39,81,'sggs','54545454545','1456726130d67d8ab4f4c10bf22aa353e27879133c.jpg','sga shshs sba',488,1,'2016-02-28 21:02:49','2016-02-29 11:08:50',1),(40,82,'coffee kadai','9840356790','default.jpg','starts from 10 rs..',40,1,'2016-02-28 22:04:02','2016-02-28 22:04:02',1),(41,83,'test','8547421850','default.jpg','this i s dsfsfsfsfsfs',4000,1,'2016-02-29 00:40:59','2016-02-29 00:40:59',1),(43,85,'Manthan Sweets','04424895376','145672374517e62166fc8586dfa4d1bc0e1742c08b.jpg','Sweets Cute for teenagrers fun fast food',1500,1,'2016-02-29 10:29:05','2016-02-29 10:29:05',1),(44,86,'Samkith Sweets ','04424895376','1458794174f7177163c833dff4b38fc8d2872f1ec6.jpg','chaat burfitags awesome royapettah',500,1,'2016-02-29 11:00:15','2016-03-24 14:06:14',0),(45,89,'coffeeday','9840356790','default.jpg','ahdhdjdkdkfjfjf',50,1,'2016-02-29 22:23:07','2016-02-29 22:23:07',1),(46,90,'test','8547421850','default.jpg','this is a test description',2000,1,'2016-02-29 23:05:02','2016-02-29 23:05:02',1),(48,95,'test','8547421850','default.jpg','this is  tet desxrition',200,1,'2016-03-01 13:44:47','2016-03-01 13:44:47',1),(50,99,'Holy Grill ','7871700011','default.jpg','vegetarian barbecue ',1200,1,'2016-03-04 14:43:41','2016-03-04 14:43:41',1),(52,101,'Subway swag','22542234','default.jpg','burgers fries coke fun',800,1,'2016-03-06 17:00:19','2016-03-06 17:00:19',1),(53,101,'Subway swag','22542234','default.jpg','burgers fries coke fun',800,1,'2016-03-06 17:00:29','2016-03-06 17:00:29',1),(54,101,'Subway swag','22542234','1457265643a684eceee76fc522773286a895bc8436.jpg','burgers fries coke fun',800,1,'2016-03-06 17:00:43','2016-03-06 17:00:43',1),(55,101,'Subway swag','22542234','1457265654b53b3a3d6ab90ce0268229151c9bde11.jpg','burgers fries coke fun',800,1,'2016-03-06 17:00:54','2016-03-06 17:00:54',1),(56,101,'Subway swag','22542234','default.jpg','burgers fries coke fun',800,1,'2016-03-06 17:01:05','2016-03-06 17:01:05',1),(57,101,'Subway swag','22542234','default.jpg','burgers fries coke fun',800,1,'2016-03-06 17:04:31','2016-03-06 17:04:31',1),(58,102,'Merchant','0402510865','145727803466f041e16a60928b05a7e228a89c3799.jpg','ggdhdbbhfhdjjdjjdjdj',200,1,'2016-03-07 01:16:56','2016-03-07 01:57:14',1),(59,102,'Merchant','0402510865','default.jpg','ggdhdbbhfhdjjdjjdjdj',200,1,'2016-03-07 01:16:58','2016-03-07 01:16:58',1),(60,102,'Merchant','0402510865','default.jpg','ggdhdbbhfhdjjdjjdjdjd',200,1,'2016-03-07 01:17:13','2016-03-07 01:17:13',1),(61,103,'merchant','04024566523','default.jpg','afdjasjfjasldkfsajdflkjaslkdfj',200,1,'2016-03-07 01:39:51','2016-03-07 01:39:51',1),(62,108,'Bdhd','84548457578','default.jpg','Hdhdhxjbjfjjd djdjdj',200,1,'2016-03-13 21:04:35','2016-03-13 21:04:35',1),(63,109,'Salt, Forum Vijaya Mall','04442188600','145787034103afdbd66e7929b125f8597834fa83a4.jpg','bar grill resteraunt cafe',1110,1,'2016-03-13 21:29:01','2016-03-13 21:29:01',1),(64,110,'Swensen\'s Besant Nagar','04445410078','1457880821ea5d2f1c4608232e07d3aa3d998e5135.jpg','veg awesome american icecrean',200,1,'2016-03-14 00:23:41','2016-03-14 00:23:41',1),(65,111,'Sheesha Lounge(Youth Cafe Bessy)','9884065265','default.jpg','sheesha joint at besant nagar ',500,1,'2016-03-14 00:28:04','2016-03-14 00:28:04',1),(66,112,'Hola - Besant Nagar ','04445550260','default.jpg','Mexican Italian continental awesome food',1200,1,'2016-03-14 00:39:49','2016-03-14 00:39:49',1),(67,113,'Downtown, Deccan Plaza','04466773333','default.jpg','bar deccan royapettah awesome',800,1,'2016-03-14 19:11:29','2016-03-14 19:11:29',1),(68,114,'Olives, Deccan Hotel','04466773333','default.jpg','Resteraunts Buffet Vegetarian ',1200,1,'2016-03-14 19:15:54','2016-03-14 19:15:54',1),(69,115,'Main Street, The Residency Towers','04428156363','default.jpg','Resteraunt cafe bar nightclub ',2228,1,'2016-03-14 22:42:36','2016-03-14 22:42:36',1),(70,117,'The Society,  Ambassador Pallava ','04428554476','14580232397cbbc409ec990f19c78c75bd1e06f215.jpg','Resteraubt cafe bar nightclub 21 deals offers veg jain',1500,1,'2016-03-15 15:44:05','2016-03-15 15:57:19',1),(71,118,'The Society Bar, Ambassador Pallava','04428554476','1458023141e2c420d928d4bf8ce0ff2ec19b371514.jpg','ambassador pallava hotel ',1000,1,'2016-03-15 15:49:04','2016-03-15 15:55:41',1),(72,119,'O.S.B Hot and Chat','9940392844','145813310232bb90e8976aab5298d5da10fe66f21d.JPG','awesome ommala little sux best mambalam daww',200,1,'2016-03-16 22:18:03','2016-03-16 22:28:22',1),(73,120,'Nandos, Phoenix Mall','04445500086','1458214736d2ddea18f00665ce8623e36bd4e3c7c5.jpg','Veg non veg awesome epic food ',1200,1,'2016-03-17 21:08:56','2016-03-17 21:08:56',1),(74,122,'Punjab Grill, Phoenix Mall','04430083715','1458294411ad61ab143223efbc24c7d2583be69251.JPG','Mixed puniabi veg non veg phoenix',1200,1,'2016-03-18 19:12:53','2016-03-18 19:16:51',1),(75,123,'Kobe Sizzlers, Phoenix Mall ','04430083714','1458301528d09bf41544a3365a46c9077ebb5e35c3.jpg','Gril sizzler steak awesome food yummy',1200,1,'2016-03-18 19:58:18','2016-03-18 21:15:28',1),(76,124,'China Wall, Phoenix Mall ','04430083508','1458300471fbd7939d674997cdb4692d34de8633c4.JPG','veg non veg chinese continental awesomatic',600,1,'2016-03-18 20:55:05','2016-03-18 20:57:51',1),(77,125,'The City Deli, Phoenix Mall ','04430083426','145830210928dd2c7955ce926456240b2ff0100bde.JPG','Veg non veg sandwich wrap coffee pasta salad',400,1,'2016-03-18 21:18:24','2016-03-18 21:25:09',1),(78,127,'???','9600083765','default.jpg','i dont have a store thevdiya pasangha',100,1,'2016-03-21 18:15:34','2016-03-21 18:15:34',1),(79,130,'Abhik','04025108566','default.jpg','gzhshsjjsjsjsj',200,1,'2016-03-24 17:28:20','2016-03-24 17:28:20',1),(80,129,'Sudaka','9841157869','default.jpg','South American themed restobar ',2000,1,'2016-03-24 18:32:32','2016-03-24 18:32:32',1),(81,137,'Bombaysthan','04428342705','default.jpg','veg awesome sandwich fruit creams',400,1,'2016-04-01 21:46:28','2016-04-01 21:46:28',1),(82,140,'Absolute Barbeque','04435350007','default.jpg','Barbeque restaurant in the heart of town',1500,1,'2016-04-02 17:21:55','2016-04-02 17:21:55',1),(83,141,'The Kati Roll Shop','8144588588','1459598616fe9fc289c3ff0af142b6d3bead98a923.JPG','veg non veg rolls wraps',300,1,'2016-04-02 21:26:33','2016-04-02 21:33:36',0),(84,142,'Venki Soups','9600025501','default.jpg','it\'s  a soup stall located in velachery',50,1,'2016-04-03 02:29:00','2016-04-03 02:35:06',0),(85,146,'Laxshet Bar ','04424895376','14597565953ef815416f775098fe977004015c6193.png','bar drinks 21 veg nin veg',1200,1,'2016-04-04 17:24:51','2016-04-04 17:26:35',0),(86,147,'Entree Restaurant, E Hotel','04428463358','145975880793db85ed909c13838ff95ccfa94cebd9.JPG','pure veg continental asian fusion',900,1,'2016-04-04 18:02:04','2016-04-04 18:05:58',0);
/*!40000 ALTER TABLE `merchant_store` ENABLE KEYS */;
UNLOCK TABLES;

--
-- Table structure for table `merchant_store_address`
--

DROP TABLE IF EXISTS `merchant_store_address`;
/*!40101 SET @saved_cs_client     = @@character_set_client */;
/*!40101 SET character_set_client = utf8 */;
CREATE TABLE `merchant_store_address` (
  `id` int(10) unsigned NOT NULL AUTO_INCREMENT,
  `store_id` int(10) unsigned NOT NULL,
  `street` varchar(100) COLLATE utf8_unicode_ci NOT NULL,
  `city_id` int(10) unsigned NOT NULL,
  `state_id` int(10) unsigned NOT NULL,
  `country_id` int(10) unsigned NOT NULL,
  `pincode` varchar(6) COLLATE utf8_unicode_ci NOT NULL,
  `latitude` decimal(10,8) NOT NULL,
  `longitude` decimal(11,8) NOT NULL,
  `created_at` timestamp NOT NULL DEFAULT '0000-00-00 00:00:00',
  `updated_at` timestamp NOT NULL DEFAULT '0000-00-00 00:00:00',
  PRIMARY KEY (`id`),
  KEY `merchant_store_address_store_id_foreign` (`store_id`),
  KEY `merchant_store_address_city_id_foreign` (`city_id`),
  KEY `merchant_store_address_state_id_foreign` (`state_id`),
  KEY `merchant_store_address_country_id_foreign` (`country_id`),
  CONSTRAINT `merchant_store_address_country_id_foreign` FOREIGN KEY (`country_id`) REFERENCES `countries` (`id`) ON DELETE CASCADE,
  CONSTRAINT `merchant_store_address_city_id_foreign` FOREIGN KEY (`city_id`) REFERENCES `cities` (`id`) ON DELETE CASCADE,
  CONSTRAINT `merchant_store_address_state_id_foreign` FOREIGN KEY (`state_id`) REFERENCES `states` (`id`) ON DELETE CASCADE,
  CONSTRAINT `merchant_store_address_store_id_foreign` FOREIGN KEY (`store_id`) REFERENCES `merchant_store` (`id`) ON DELETE CASCADE
) ENGINE=InnoDB AUTO_INCREMENT=78 DEFAULT CHARSET=utf8 COLLATE=utf8_unicode_ci;
/*!40101 SET character_set_client = @saved_cs_client */;

--
-- Dumping data for table `merchant_store_address`
--

LOCK TABLES `merchant_store_address` WRITE;
/*!40000 ALTER TABLE `merchant_store_address` DISABLE KEYS */;
INSERT INTO `merchant_store_address` VALUES (1,1,'4950 Aliya Forest',1,1,1,'500072',-55.55785400,14.83274300,'2016-02-10 01:05:30','2016-02-10 01:05:30'),(4,4,'49438 Mateo Rapid Apt. 681',1,1,1,'500072',27.54935500,25.15801600,'2016-02-10 01:05:30','2016-02-10 01:05:30'),(5,5,'19202 Watson Mountain Apt. 251',1,1,1,'500072',60.33041100,60.48746400,'2016-02-10 01:05:30','2016-02-10 01:05:30'),(6,6,'23342 Reinger River Suite 331',1,1,1,'500072',-62.81616600,155.10749800,'2016-02-10 01:05:30','2016-02-10 01:05:30'),(7,7,'8191 Lind Club',1,1,1,'500072',-86.67741900,103.60005300,'2016-02-10 01:05:30','2016-02-10 01:05:30'),(8,8,'934 Maverick Green',1,1,1,'500072',51.30435100,-98.65225500,'2016-02-10 01:05:30','2016-02-10 01:05:30'),(9,9,'264 Heaney Hollow',1,1,1,'500072',67.29642900,-99.50903400,'2016-02-10 01:05:30','2016-02-10 01:05:30'),(10,10,'1990 Wintheiser Manor',1,1,1,'500072',49.71635800,83.59788500,'2016-02-10 01:05:30','2016-02-10 01:05:30'),(11,11,'near whitefield',1,1,1,'695101',12.96980014,77.74994709,'2016-02-10 17:54:18','2016-02-10 17:54:18'),(12,12,'near ',1,1,1,'560666',13.40915985,78.14533386,'2016-02-10 19:48:00','2016-02-10 20:06:02'),(13,13,'Spencer Plaza',2,2,1,'600002',13.06266220,80.26351456,'2016-02-10 21:20:07','2016-02-10 21:24:14'),(14,14,'dhbbba',1,1,1,'500072',12.99092024,77.65116166,'2016-02-10 22:10:00','2016-02-11 12:13:26'),(15,15,'Kodambakkam',2,2,1,'555888',13.02246488,80.24241194,'2016-02-10 22:26:37','2016-03-11 00:17:55'),(16,16,'near',1,1,1,'560666',13.03459812,80.21107703,'2016-02-11 10:09:17','2016-02-19 19:11:05'),(17,17,'near',1,2,1,'560666',8.68192601,76.79097120,'2016-02-11 10:17:20','2016-02-15 01:38:11'),(18,19,'near',1,1,1,'560666',13.40915985,78.14533386,'2016-02-11 12:14:17','2016-02-11 15:29:16'),(19,20,'Alagirisamy Salai',2,2,1,'600078',13.05532599,80.22355299,'2016-02-11 12:32:55','2016-02-14 17:23:34'),(20,22,'1 rama krishna puram 1st street',2,2,1,'600033',13.03623914,80.22153396,'2016-02-12 18:30:49','2016-02-12 18:30:49'),(21,23,'Anna Salai',2,2,1,'600002',13.06560289,80.26628092,'2016-02-12 21:54:47','2016-02-12 21:54:47'),(22,24,'15',1,1,1,'380052',15.13480636,76.92913983,'2016-02-12 23:37:33','2016-02-12 23:37:33'),(23,25,'TTK road',2,2,1,'600018',13.03668892,80.25565803,'2016-02-13 10:18:43','2016-02-13 10:18:43'),(24,26,'near',1,1,1,'695101',9.92188186,76.36201892,'2016-02-15 12:54:46','2016-02-17 17:23:49'),(25,27,'hdjdj',1,1,1,'380052',0.00000000,0.00000000,'2016-02-16 17:58:52','2016-02-17 13:42:40'),(26,28,'62 Thirumalai Pillai Road T Nagar',2,2,1,'600017',13.04570093,80.23981087,'2016-02-22 16:13:18','2016-02-22 16:13:18'),(27,31,'near white',2,2,1,'965101',12.96181001,80.20674694,'2016-02-24 12:28:31','2016-02-28 18:01:02'),(28,33,'kphb 9th phase',2,2,1,'500072',0.00000000,0.00000000,'2016-02-25 20:03:21','2016-02-25 20:03:21'),(29,34,'1 Ramakrishna puram 1st street',2,2,1,'600033',13.03621203,80.22159096,'2016-02-26 19:19:43','2016-03-06 17:19:11'),(30,35,'kphb',1,1,1,'500072',0.00000000,0.00000000,'2016-02-26 22:24:46','2016-02-26 22:24:46'),(31,36,'swuwu',2,1,1,'466464',0.00000000,0.00000000,'2016-02-27 17:41:59','2016-02-27 17:41:59'),(32,37,'Alagirisamy Salai KKNagar',2,2,1,'600078',13.04040894,80.19930515,'2016-02-28 20:46:39','2016-02-28 20:46:39'),(33,38,'no. 7 vivekanandar theru, dubai kurukku sandhu, dubai.',2,2,1,'600087',13.03730103,80.17766912,'2016-02-28 21:01:41','2016-02-28 21:01:41'),(36,40,'202, majestic Colony, valasaravakkam, arcot road',2,2,1,'600087',13.04358310,80.18302113,'2016-02-28 22:10:03','2016-02-28 22:10:03'),(37,41,'near',1,1,1,'560066',12.96979492,77.59249773,'2016-02-29 00:41:27','2016-02-29 23:00:25'),(39,39,'alagirisamy salai',2,2,1,'600078',13.04040894,80.19930515,'2016-02-29 08:01:59','2016-02-29 11:08:50'),(40,43,'udhayam theatre ashok nagar',2,2,1,'600083',13.03388605,80.21161985,'2016-02-29 10:30:43','2016-02-29 10:30:43'),(41,44,'1 ramakrishna Puram 1st street west mambalam',2,2,1,'600033',13.04056408,80.21789990,'2016-02-29 11:01:04','2016-03-24 14:06:14'),(44,45,'kodambakkam',2,2,1,'600087',13.05512513,80.22212103,'2016-02-29 22:32:54','2016-02-29 22:32:54'),(45,46,'test',2,2,1,'695101',13.08268003,80.27071796,'2016-02-29 23:05:49','2016-02-29 23:05:49'),(46,48,'ts',1,1,1,'560066',13.03129384,77.55389303,'2016-03-01 13:45:52','2016-03-01 13:45:52'),(48,50,'New no 10/3 old No 28b Khader Nawazkhan Road Wallace garden 3rd street Nungambakkam ',2,2,1,'600006',13.06149591,80.25093298,'2016-03-04 14:46:01','2016-03-04 14:46:01'),(50,52,'Block 3 b1 jains ashraya phase - 3, Virugambakkam, Chennai - 92 ',2,2,1,'600092',13.04500588,80.19087899,'2016-03-06 17:18:01','2016-03-06 17:18:01'),(51,61,'kphb',1,1,1,'506007',17.25500000,78.25646000,'2016-03-07 01:48:15','2016-03-07 01:48:15'),(52,58,'Kphb',1,1,1,'500072',19.29733517,77.93112695,'2016-03-07 01:49:16','2016-03-07 01:49:16'),(53,62,'Bdjb',1,1,1,'380052',0.00000000,0.00000000,'2016-03-13 21:04:52','2016-03-13 21:04:52'),(54,63,'Vijaya forum mall',2,2,1,'600026',13.05102287,80.20959109,'2016-03-13 21:29:39','2016-03-13 21:29:39'),(55,64,'T 53-B 4th Main Road Besant Nagar ',2,2,1,'600090',13.00090188,80.27052216,'2016-03-14 00:25:16','2016-03-14 00:25:16'),(56,65,'M-8 1/4 4th Main Road,Besant Nagar Chennai',2,2,1,'600090',13.00114852,80.27061939,'2016-03-14 00:29:37','2016-03-14 00:29:37'),(57,66,'6/1 4th main road Besant nagar',2,2,1,'600090',13.00100315,80.26926789,'2016-03-14 00:40:22','2016-03-14 00:49:16'),(58,67,'36 Royapettah High Road',2,2,1,'600014',13.04611738,80.26654277,'2016-03-14 19:11:58','2016-03-14 19:11:58'),(59,68,'36 Royapettah High Road ',2,2,1,'600014',13.04611215,80.26656792,'2016-03-14 19:16:31','2016-03-14 19:16:31'),(60,69,'GN Chetty Road, T Nagar',2,2,1,'600044',13.04025901,80.24337988,'2016-03-14 22:43:13','2016-03-14 22:43:13'),(61,70,'30 Montieth Road',2,2,1,'600008',13.06721692,80.25836505,'2016-03-15 15:44:59','2016-03-15 15:57:19'),(62,71,'30 Monteith Road Egmore',2,2,1,'600008',13.06721692,80.25837410,'2016-03-15 15:49:33','2016-03-15 15:55:41'),(63,72,'82 lake view road',2,2,1,'600033',13.03556203,80.22135492,'2016-03-16 22:18:34','2016-03-16 22:28:22'),(64,73,'1st Floor, Phoenix Market City, Velachery Main Road, Vijaya Nagar',2,2,1,'600042',12.99072063,80.21688804,'2016-03-17 21:10:12','2016-03-17 21:10:12'),(65,74,'Phoenix Mall, Velacherry',2,2,1,'600042',12.99103491,80.21706104,'2016-03-18 19:13:33','2016-03-18 19:16:51'),(66,75,'Phoenix Mall, Velacherry ',2,2,1,'600042',12.99051873,80.21852553,'2016-03-18 19:58:39','2016-03-18 21:15:28'),(67,76,'Phoenix Mall Velacherry ',2,2,1,'600042',12.99112116,80.21712910,'2016-03-18 20:55:29','2016-03-18 20:57:51'),(68,77,'Phoenix Mall Velacherry ',2,2,1,'600042',12.99138709,80.21674186,'2016-03-18 21:18:44','2016-03-18 21:25:09'),(69,79,'Hsbsjsj',1,1,1,'500072',19.03395590,78.31797827,'2016-03-24 17:28:42','2016-03-24 17:28:42'),(70,81,'Sterling point gn chetty road',2,2,1,'600017',13.04840307,80.24590485,'2016-04-01 21:48:02','2016-04-01 21:48:02'),(71,82,'45, GN chetty road, Tnagar',2,2,1,'600017',13.04581786,80.24128407,'2016-04-02 17:22:26','2016-04-02 17:22:26'),(74,83,'6 Street Gopalapuram ',2,2,1,'600086',13.04752708,80.25505386,'2016-04-02 21:30:26','2016-04-02 21:33:36'),(75,84,'No 4th cross street AGS colony velachery',2,2,1,'600042',13.03606831,80.22177536,'2016-04-03 02:29:43','2016-04-03 02:35:06'),(76,85,'EA MALL, Royapettah',2,2,1,'600015',13.05872304,80.26410799,'2016-04-04 17:25:55','2016-04-04 17:26:35'),(77,86,'EA MALL ROYAPETTAH ',2,2,1,'600002',13.05879587,80.26296001,'2016-04-04 18:02:29','2016-04-04 18:05:58');
/*!40000 ALTER TABLE `merchant_store_address` ENABLE KEYS */;
UNLOCK TABLES;

--
-- Table structure for table `migrations`
--

DROP TABLE IF EXISTS `migrations`;
/*!40101 SET @saved_cs_client     = @@character_set_client */;
/*!40101 SET character_set_client = utf8 */;
CREATE TABLE `migrations` (
  `migration` varchar(255) COLLATE utf8_unicode_ci NOT NULL,
  `batch` int(11) NOT NULL
) ENGINE=InnoDB DEFAULT CHARSET=utf8 COLLATE=utf8_unicode_ci;
/*!40101 SET character_set_client = @saved_cs_client */;

--
-- Dumping data for table `migrations`
--

LOCK TABLES `migrations` WRITE;
/*!40000 ALTER TABLE `migrations` DISABLE KEYS */;
INSERT INTO `migrations` VALUES ('2014_10_12_000000_create_users_table',1),('2014_10_12_100000_create_password_resets_table',1),('2016_02_06_064811_create_gcm_table',1),('2016_02_06_064848_create_merchant_store_table',1),('2016_02_06_064926_create_countries_table',1),('2016_02_06_064956_create_states_table',1),('2016_02_06_065053_create_cities_table',1),('2016_02_06_065159_create_merchant_store_address_table',1),('2016_02_06_065232_create_offers_table',1),('2016_02_06_065303_create_offer_vote_table',1),('2016_02_06_065335_create_offer_favourite_table',1),('2016_02_06_065459_create_tags_table',1),('2016_02_06_065743_create_tag_store_table',1),('2016_02_06_070011_create_temp_mobile_table',1),('2016_02_06_070040_create_user_sms_code_table',1),('2016_02_06_072115_entrust_setup_tables',1),('2016_02_10_082837_create_app_elements_table',2),('2016_02_11_090959_create_password_otp_reset_tabel',3),('2016_03_12_172614_create_indexes_for_tables',4),('2016_03_21_153247_add_veg_to_merchant_store',4);
/*!40000 ALTER TABLE `migrations` ENABLE KEYS */;
UNLOCK TABLES;

--
-- Table structure for table `offer_favourite`
--

DROP TABLE IF EXISTS `offer_favourite`;
/*!40101 SET @saved_cs_client     = @@character_set_client */;
/*!40101 SET character_set_client = utf8 */;
CREATE TABLE `offer_favourite` (
  `user_id` int(10) unsigned NOT NULL,
  `offer_id` int(10) unsigned NOT NULL,
  `status` tinyint(1) NOT NULL DEFAULT '1',
  `created_at` timestamp NOT NULL DEFAULT '0000-00-00 00:00:00',
  `updated_at` timestamp NOT NULL DEFAULT '0000-00-00 00:00:00',
  KEY `offer_favourite_user_id_foreign` (`user_id`),
  KEY `offer_favourite_offer_id_foreign` (`offer_id`),
  CONSTRAINT `offer_favourite_offer_id_foreign` FOREIGN KEY (`offer_id`) REFERENCES `offers` (`id`) ON DELETE CASCADE,
  CONSTRAINT `offer_favourite_user_id_foreign` FOREIGN KEY (`user_id`) REFERENCES `users` (`id`) ON DELETE CASCADE
) ENGINE=InnoDB DEFAULT CHARSET=utf8 COLLATE=utf8_unicode_ci;
/*!40101 SET character_set_client = @saved_cs_client */;

--
-- Dumping data for table `offer_favourite`
--

LOCK TABLES `offer_favourite` WRITE;
/*!40000 ALTER TABLE `offer_favourite` DISABLE KEYS */;
INSERT INTO `offer_favourite` VALUES (11,4,1,'0000-00-00 00:00:00','0000-00-00 00:00:00'),(11,10,1,'0000-00-00 00:00:00','0000-00-00 00:00:00'),(12,1,1,'0000-00-00 00:00:00','0000-00-00 00:00:00'),(12,6,1,'0000-00-00 00:00:00','0000-00-00 00:00:00'),(13,9,1,'0000-00-00 00:00:00','0000-00-00 00:00:00'),(14,5,1,'0000-00-00 00:00:00','0000-00-00 00:00:00'),(14,8,1,'0000-00-00 00:00:00','0000-00-00 00:00:00'),(15,7,1,'0000-00-00 00:00:00','0000-00-00 00:00:00'),(16,10,1,'0000-00-00 00:00:00','0000-00-00 00:00:00'),(17,8,1,'0000-00-00 00:00:00','0000-00-00 00:00:00'),(18,1,1,'0000-00-00 00:00:00','0000-00-00 00:00:00'),(18,8,1,'0000-00-00 00:00:00','0000-00-00 00:00:00'),(19,5,1,'0000-00-00 00:00:00','0000-00-00 00:00:00'),(19,7,1,'0000-00-00 00:00:00','0000-00-00 00:00:00'),(20,5,1,'0000-00-00 00:00:00','0000-00-00 00:00:00'),(20,9,1,'0000-00-00 00:00:00','0000-00-00 00:00:00'),(23,5,1,'0000-00-00 00:00:00','0000-00-00 00:00:00'),(30,8,1,'0000-00-00 00:00:00','0000-00-00 00:00:00'),(50,10,1,'0000-00-00 00:00:00','0000-00-00 00:00:00'),(50,19,1,'0000-00-00 00:00:00','0000-00-00 00:00:00'),(41,16,1,'0000-00-00 00:00:00','0000-00-00 00:00:00'),(41,23,1,'0000-00-00 00:00:00','0000-00-00 00:00:00'),(40,12,1,'0000-00-00 00:00:00','0000-00-00 00:00:00'),(41,9,1,'0000-00-00 00:00:00','0000-00-00 00:00:00'),(40,24,1,'0000-00-00 00:00:00','0000-00-00 00:00:00'),(70,11,1,'0000-00-00 00:00:00','0000-00-00 00:00:00'),(70,16,1,'0000-00-00 00:00:00','0000-00-00 00:00:00'),(41,24,1,'0000-00-00 00:00:00','0000-00-00 00:00:00'),(105,15,1,'0000-00-00 00:00:00','0000-00-00 00:00:00'),(105,20,1,'0000-00-00 00:00:00','0000-00-00 00:00:00'),(106,48,1,'0000-00-00 00:00:00','0000-00-00 00:00:00'),(98,50,1,'0000-00-00 00:00:00','0000-00-00 00:00:00'),(98,47,1,'0000-00-00 00:00:00','0000-00-00 00:00:00'),(106,46,1,'0000-00-00 00:00:00','0000-00-00 00:00:00'),(78,49,1,'0000-00-00 00:00:00','0000-00-00 00:00:00'),(138,52,1,'0000-00-00 00:00:00','0000-00-00 00:00:00'),(51,52,1,'0000-00-00 00:00:00','0000-00-00 00:00:00');
/*!40000 ALTER TABLE `offer_favourite` ENABLE KEYS */;
UNLOCK TABLES;

--
-- Table structure for table `offer_vote`
--

DROP TABLE IF EXISTS `offer_vote`;
/*!40101 SET @saved_cs_client     = @@character_set_client */;
/*!40101 SET character_set_client = utf8 */;
CREATE TABLE `offer_vote` (
  `user_id` int(10) unsigned NOT NULL,
  `offer_id` int(10) unsigned NOT NULL,
  `status` tinyint(1) NOT NULL DEFAULT '1',
  `created_at` timestamp NOT NULL DEFAULT '0000-00-00 00:00:00',
  `updated_at` timestamp NOT NULL DEFAULT '0000-00-00 00:00:00',
  KEY `offer_vote_user_id_foreign` (`user_id`),
  KEY `offer_vote_offer_id_foreign` (`offer_id`),
  CONSTRAINT `offer_vote_offer_id_foreign` FOREIGN KEY (`offer_id`) REFERENCES `offers` (`id`) ON DELETE CASCADE,
  CONSTRAINT `offer_vote_user_id_foreign` FOREIGN KEY (`user_id`) REFERENCES `users` (`id`) ON DELETE CASCADE
) ENGINE=InnoDB DEFAULT CHARSET=utf8 COLLATE=utf8_unicode_ci;
/*!40101 SET character_set_client = @saved_cs_client */;

--
-- Dumping data for table `offer_vote`
--

LOCK TABLES `offer_vote` WRITE;
/*!40000 ALTER TABLE `offer_vote` DISABLE KEYS */;
INSERT INTO `offer_vote` VALUES (11,8,1,'0000-00-00 00:00:00','0000-00-00 00:00:00'),(12,5,1,'0000-00-00 00:00:00','0000-00-00 00:00:00'),(13,6,1,'0000-00-00 00:00:00','0000-00-00 00:00:00'),(14,10,1,'0000-00-00 00:00:00','0000-00-00 00:00:00'),(17,7,1,'0000-00-00 00:00:00','0000-00-00 00:00:00'),(18,7,1,'0000-00-00 00:00:00','0000-00-00 00:00:00'),(19,4,1,'0000-00-00 00:00:00','0000-00-00 00:00:00'),(20,7,1,'0000-00-00 00:00:00','0000-00-00 00:00:00'),(23,7,1,'0000-00-00 00:00:00','0000-00-00 00:00:00'),(27,7,1,'0000-00-00 00:00:00','0000-00-00 00:00:00'),(50,19,1,'0000-00-00 00:00:00','0000-00-00 00:00:00'),(50,8,1,'0000-00-00 00:00:00','0000-00-00 00:00:00'),(50,21,1,'0000-00-00 00:00:00','0000-00-00 00:00:00'),(50,23,1,'0000-00-00 00:00:00','0000-00-00 00:00:00'),(50,15,1,'0000-00-00 00:00:00','0000-00-00 00:00:00'),(40,14,1,'0000-00-00 00:00:00','0000-00-00 00:00:00'),(41,23,1,'0000-00-00 00:00:00','0000-00-00 00:00:00'),(41,11,1,'0000-00-00 00:00:00','0000-00-00 00:00:00'),(41,13,1,'0000-00-00 00:00:00','0000-00-00 00:00:00'),(40,6,1,'0000-00-00 00:00:00','0000-00-00 00:00:00'),(40,20,1,'0000-00-00 00:00:00','0000-00-00 00:00:00'),(41,8,1,'0000-00-00 00:00:00','0000-00-00 00:00:00'),(41,7,1,'0000-00-00 00:00:00','0000-00-00 00:00:00'),(41,15,1,'0000-00-00 00:00:00','0000-00-00 00:00:00'),(41,19,1,'0000-00-00 00:00:00','0000-00-00 00:00:00'),(50,11,1,'0000-00-00 00:00:00','0000-00-00 00:00:00'),(50,16,1,'0000-00-00 00:00:00','0000-00-00 00:00:00'),(40,15,1,'0000-00-00 00:00:00','0000-00-00 00:00:00'),(40,13,1,'0000-00-00 00:00:00','0000-00-00 00:00:00'),(70,11,1,'0000-00-00 00:00:00','0000-00-00 00:00:00'),(41,24,1,'0000-00-00 00:00:00','0000-00-00 00:00:00'),(98,33,1,'0000-00-00 00:00:00','0000-00-00 00:00:00'),(105,19,1,'0000-00-00 00:00:00','0000-00-00 00:00:00'),(92,36,1,'0000-00-00 00:00:00','0000-00-00 00:00:00'),(98,11,1,'0000-00-00 00:00:00','0000-00-00 00:00:00'),(106,46,1,'0000-00-00 00:00:00','0000-00-00 00:00:00'),(106,20,1,'0000-00-00 00:00:00','0000-00-00 00:00:00'),(106,48,1,'0000-00-00 00:00:00','0000-00-00 00:00:00'),(98,48,1,'0000-00-00 00:00:00','0000-00-00 00:00:00'),(98,46,1,'0000-00-00 00:00:00','0000-00-00 00:00:00'),(98,47,1,'0000-00-00 00:00:00','0000-00-00 00:00:00'),(98,49,1,'0000-00-00 00:00:00','0000-00-00 00:00:00'),(106,49,1,'0000-00-00 00:00:00','0000-00-00 00:00:00'),(41,52,1,'0000-00-00 00:00:00','0000-00-00 00:00:00'),(78,49,1,'0000-00-00 00:00:00','0000-00-00 00:00:00'),(51,52,1,'0000-00-00 00:00:00','0000-00-00 00:00:00'),(51,55,1,'0000-00-00 00:00:00','0000-00-00 00:00:00'),(51,57,1,'0000-00-00 00:00:00','0000-00-00 00:00:00'),(138,53,1,'0000-00-00 00:00:00','0000-00-00 00:00:00'),(138,52,1,'0000-00-00 00:00:00','0000-00-00 00:00:00'),(138,55,1,'0000-00-00 00:00:00','0000-00-00 00:00:00'),(41,63,1,'0000-00-00 00:00:00','0000-00-00 00:00:00'),(139,62,1,'0000-00-00 00:00:00','0000-00-00 00:00:00'),(139,52,1,'0000-00-00 00:00:00','0000-00-00 00:00:00'),(139,57,1,'0000-00-00 00:00:00','0000-00-00 00:00:00');
/*!40000 ALTER TABLE `offer_vote` ENABLE KEYS */;
UNLOCK TABLES;

--
-- Table structure for table `offers`
--

DROP TABLE IF EXISTS `offers`;
/*!40101 SET @saved_cs_client     = @@character_set_client */;
/*!40101 SET character_set_client = utf8 */;
CREATE TABLE `offers` (
  `id` int(10) unsigned NOT NULL AUTO_INCREMENT,
  `store_id` int(10) unsigned NOT NULL,
  `title` varchar(300) COLLATE utf8_unicode_ci NOT NULL,
  `fineprint` longtext COLLATE utf8_unicode_ci NOT NULL,
  `startDate` datetime NOT NULL,
  `endDate` datetime NOT NULL,
  `status` tinyint(1) NOT NULL DEFAULT '1',
  `deleted_at` timestamp NULL DEFAULT NULL,
  `created_at` timestamp NOT NULL DEFAULT '0000-00-00 00:00:00',
  `updated_at` timestamp NOT NULL DEFAULT '0000-00-00 00:00:00',
  PRIMARY KEY (`id`),
  KEY `offers_store_id_foreign` (`store_id`),
  KEY `offers_startdate_enddate_index` (`startDate`,`endDate`),
  CONSTRAINT `offers_store_id_foreign` FOREIGN KEY (`store_id`) REFERENCES `merchant_store` (`id`) ON DELETE CASCADE
) ENGINE=InnoDB AUTO_INCREMENT=66 DEFAULT CHARSET=utf8 COLLATE=utf8_unicode_ci;
/*!40101 SET character_set_client = @saved_cs_client */;

--
-- Dumping data for table `offers`
--

LOCK TABLES `offers` WRITE;
/*!40000 ALTER TABLE `offers` DISABLE KEYS */;
INSERT INTO `offers` VALUES (1,1,'Necessitatibus eius modi ut ratione quis.','Occaecati perspiciatis quisquam blanditiis odio. Ex est placeat voluptates et autem et voluptatem. Voluptas porro consequatur ipsum quia non. Eum aut dolores quas dolores sint est dolores.','2016-02-07 11:23:40','2016-02-17 23:06:04',1,NULL,'2016-02-10 01:05:30','2016-02-10 01:05:30'),(4,4,'Voluptatem occaecati doloremque molestiae commodi aperiam iusto.','Maiores est optio nulla nam qui eius eos. Mollitia quia consequatur quis. Molestiae maiores et suscipit consequatur.','2016-02-11 11:22:48','2016-02-19 01:51:06',1,NULL,'2016-02-10 01:05:30','2016-02-10 01:05:30'),(5,5,'Amet aut omnis pariatur eius illo.','Ducimus dolore fuga repudiandae quod dolor. Consectetur in impedit ratione expedita est. Qui blanditiis deleniti minima. Molestiae laboriosam rerum ratione cupiditate et.','2016-02-11 13:02:16','2016-02-19 09:14:21',1,NULL,'2016-02-10 01:05:30','2016-02-10 01:05:30'),(6,6,'Quisquam hic quia quas voluptate quia quo et.','Tempore dignissimos corporis omnis ipsa quam eos omnis. Quibusdam nam eos tenetur officiis ipsam sit at rerum. Non eum quod minima recusandae et nesciunt. Autem soluta eligendi qui quos dolorem voluptatibus quis.','2016-02-09 23:59:58','2016-02-17 10:46:23',1,NULL,'2016-02-10 01:05:30','2016-02-10 01:05:30'),(7,7,'Molestiae quam sed reprehenderit et consectetur.','Dolore quos nesciunt odio eum. Quis repellendus soluta reiciendis expedita. Sed et quia et. At aut harum amet voluptatem et consectetur.','2016-02-07 21:07:44','2016-02-19 00:22:20',1,NULL,'2016-02-10 01:05:30','2016-02-10 01:05:30'),(8,8,'Cumque sit quis perferendis autem accusantium.','Nam voluptate omnis possimus sed velit aut a ex. Ut non possimus quia consequatur. Molestias ipsam aut voluptatem vero omnis et non.','2016-02-14 10:04:42','2016-02-15 20:51:30',1,NULL,'2016-02-10 01:05:30','2016-02-10 01:05:30'),(9,9,'Voluptas officia esse magnam in eligendi.','Ut tempore doloribus optio enim quasi repellat. At doloremque voluptatem adipisci quisquam rerum. Et vitae fuga ad adipisci repudiandae odio.','2016-02-11 02:30:45','2016-02-18 10:33:46',1,NULL,'2016-02-10 01:05:30','2016-02-10 01:05:30'),(10,10,'Enim error nihil voluptas consequatur et placeat.','Rerum vel fuga neque inventore saepe explicabo. Ut accusantium ex nihil eveniet sint non esse. Repudiandae dolorem amet ipsam quia rerum rerum veritatis vel. Hic iure commodi ut ut.','2016-02-09 17:41:11','2016-02-18 20:30:08',1,NULL,'2016-02-10 01:05:30','2016-02-10 01:05:30'),(11,15,'Shane she ','when Shane Hayes ','2016-03-11 02:08:00','2016-04-11 02:08:00',1,NULL,'2016-02-11 01:37:43','2016-03-16 16:58:48'),(12,17,'test title','test','2016-02-11 11:31:00','2016-02-12 11:31:00',1,NULL,'2016-02-11 11:01:16','2016-02-15 01:38:50'),(13,20,'fgg','gyii','2016-02-11 13:03:00','2016-02-11 16:03:00',1,NULL,'2016-02-11 12:33:32','2016-02-11 12:33:32'),(14,20,'tyy','this ii','2016-02-11 13:05:00','2016-02-11 00:00:00',1,'2016-02-18 15:20:59','2016-02-11 12:33:46','2016-02-18 15:20:59'),(15,19,'test','test','2016-02-11 15:51:00','2016-02-12 15:51:00',1,NULL,'2016-02-11 15:21:16','2016-02-12 14:53:35'),(16,22,'Butter Naan   PBM   is awesome\n\n','The legendary Bakyas combo! \n\nJust show the deal at the store to avail. Pay at store.','2016-02-17 13:52:00','2016-02-22 13:52:00',1,NULL,'2016-02-12 18:32:00','2016-02-22 15:47:21'),(17,25,'Buffet','buy 1 get 1 ','2016-02-13 02:49:00','2016-02-13 20:25:00',0,NULL,'2016-02-13 10:19:22','2016-03-14 18:18:17'),(18,20,'ejsjeb','hello home ','2016-02-16 19:54:00','2016-07-16 22:56:00',0,'2016-02-18 15:20:52','2016-02-14 17:24:22','2016-02-18 15:20:52'),(19,26,'test\ntest','test fineprint\ntest','2016-02-16 15:19:00','2016-02-16 15:23:00',1,NULL,'2016-02-16 14:49:42','2016-02-16 15:00:57'),(20,27,'jdjd','jdhdbdn','2016-02-16 18:29:00','2016-03-16 18:29:00',1,NULL,'2016-02-16 17:59:19','2016-02-16 20:16:20'),(21,27,'nsjsj','hxhdbdnd','2016-02-16 23:45:00','2016-04-16 23:46:00',1,NULL,'2016-02-16 23:15:35','2016-02-16 23:15:35'),(22,27,'hxjdbxdjdbdhdj jdhdbdjd dhdhdhdidjd',' dndndn','2016-02-16 23:46:00','2016-03-16 23:47:00',1,NULL,'2016-02-16 23:16:46','2016-02-17 13:42:06'),(23,22,'LOL','hshshshshshshshsbaha test','2016-02-17 13:53:00','2016-02-21 17:53:00',1,'2016-02-18 15:20:38','2016-02-17 13:24:14','2016-02-18 15:20:38'),(24,28,'buy one get one','call manager before coming\ndecision is final\n','2016-03-02 16:43:00','2016-03-07 18:11:00',1,NULL,'2016-02-22 16:14:29','2016-02-26 15:42:17'),(25,33,'best deal','bdbbbxbxbfbfbbfcbfbfbb','2016-02-25 20:34:00','2016-02-28 20:34:00',1,'2016-02-25 23:02:31','2016-02-25 20:04:42','2016-02-25 23:02:31'),(26,33,'testing ','only valid for adults\nany 6drinks\nvalid till September','2016-02-26 00:49:00','2016-03-01 00:49:00',1,NULL,'2016-02-26 00:19:41','2016-02-26 22:19:36'),(27,34,'500 for 2','Must be here before 3pm','2016-02-27 11:00:00','2016-02-27 15:00:00',0,NULL,'2016-02-26 19:23:30','2016-03-13 16:44:07'),(28,36,'lolkkk','lll','2016-02-27 18:12:00','2016-03-27 16:12:00',0,NULL,'2016-02-27 17:42:21','2016-02-27 17:46:58'),(29,36,'stay','stay haha','2016-02-27 18:16:00','2016-02-27 19:43:00',1,NULL,'2016-02-27 17:46:50','2016-02-27 17:46:50'),(30,31,'test','test test test','2016-02-29 01:05:00','2016-03-01 01:05:00',1,NULL,'2016-02-29 00:35:21','2016-02-29 00:35:21'),(31,43,'BUY OME GET ONE','ndjshabavahsnzbajajz','2016-02-29 11:08:00','2016-03-06 06:08:00',0,NULL,'2016-02-29 10:39:06','2016-02-29 10:40:31'),(32,43,'BUY TWO GET ONE\n','ndjshabavahsnzbajajz','2016-02-29 11:08:00','2016-03-06 06:08:00',0,NULL,'2016-02-29 10:39:12','2016-02-29 10:56:26'),(33,43,'Buy one get two ondomestic spirits','hehdbanzhsjsjsbsbs a s sjsjwns ','2016-02-29 06:25:00','2016-03-05 00:25:00',1,NULL,'2016-02-29 10:56:16','2016-02-29 10:56:42'),(34,44,'food','thali','2016-02-29 01:53:00','2016-03-30 20:50:00',0,NULL,'2016-02-29 23:22:31','2016-04-02 21:22:40'),(35,34,'1000 for 55','shaine shei jahavagsbdjz shw zhw suwbs suwvsvsuwvs ','2016-03-03 08:54:00','2016-03-07 04:54:00',0,NULL,'2016-03-03 08:24:53','2016-03-14 19:04:37'),(36,34,'Buy 2 get 2 free','No strings attached','2016-03-03 09:06:00','2016-03-03 10:06:00',0,NULL,'2016-03-03 08:36:20','2016-03-14 19:04:32'),(37,35,'cvvv','vvvbbbvhhjnmmmnnnn','2016-03-03 16:45:00','2016-03-03 16:45:00',0,NULL,'2016-03-03 16:16:01','2016-03-03 16:48:45'),(38,50,'Buffet deals','Xyz','2016-03-04 15:17:00','2016-03-04 17:17:00',0,NULL,'2016-03-04 14:47:29','2016-03-04 14:48:45'),(41,52,'Come as 4,pay for 3. ','j.','2016-03-06 18:00:00','2016-03-12 18:00:00',0,NULL,'2016-03-06 17:22:02','2016-03-14 00:07:42'),(42,58,'Buy one get one free on drinks #todaynight #ladiesnight','<li>Carry your Id card</li>','2016-03-06 19:00:00','2016-03-18 21:00:00',0,NULL,'2016-03-07 01:51:04','2016-03-08 15:47:02'),(43,61,'Testing','<li>klajsdlkfjakljsdflk jkajsdflkjalksjdf</li>','2016-03-09 19:00:00','2016-03-10 23:00:00',0,NULL,'2016-03-10 00:14:36','2016-03-10 03:33:53'),(44,15,'test 1','test2 twsg w','2016-04-10 00:10:00','2016-04-10 00:10:00',1,NULL,'2016-03-10 05:10:47','2016-04-02 16:31:32'),(45,63,'Corporate Unlimited Buffet @555','Call the store before coming\nManagers decision is final \nReservation recommended!','2016-03-13 17:30:00','2022-04-13 17:31:00',0,NULL,'2016-03-13 21:31:09','2016-03-13 21:32:02'),(46,64,'Happy Sundae\'s start at 79 ','America ice cream since 1948\nManagers decision final.','2016-03-13 20:27:00','2020-03-13 20:27:00',1,NULL,'2016-03-14 00:27:21','2016-03-14 00:27:53'),(47,64,'Its Crispy crunchy Falooda time','100% veg falooda at 79  ... \n','2016-03-13 20:30:00','2016-05-13 20:30:00',1,NULL,'2016-03-14 00:30:22','2016-03-14 00:30:22'),(48,66,'Lunch Combo starts at Rs 400/-','Call manager before coming\nManagers decision is final','2016-03-13 20:42:00','2024-03-13 20:42:00',0,NULL,'2016-03-14 00:41:45','2016-03-17 01:10:50'),(49,68,'Buy oneget one','blahblah','2016-03-14 18:37:00','2016-05-14 18:37:00',1,NULL,'2016-03-14 22:38:17','2016-03-14 22:40:13'),(50,69,'Buy one getone. on domestic spirits ','nlajcjwjs dhshsvs dhdhwus wjs ji qab','2016-03-15 11:36:00','2016-03-21 11:36:00',1,NULL,'2016-03-15 15:37:17','2016-03-15 15:37:17'),(51,71,'buy pne get one','magagwgs whahq suw shejdjhws. ','2016-03-15 16:54:00','2016-09-15 14:54:00',0,NULL,'2016-03-15 20:55:05','2016-03-15 20:56:04'),(52,72,'Authentic North Indian Veg Thali @75','Complete thali   buttermilk\nPure Veg \n11AM - 3PM','2016-03-16 15:19:00','2033-01-26 18:19:00',1,NULL,'2016-03-16 22:20:06','2016-03-16 22:20:06'),(53,73,'Unlimited Coke on Orders above Rs 500! [ Test Deal ]','Offers valid till stocks last.\nCall store before coming.\nManagers decision is final.','2016-03-17 17:11:00','2016-09-17 17:11:00',1,NULL,'2016-03-17 21:11:47','2016-03-18 19:10:24'),(54,74,'Come with your Luxe tickets, get flat 10% off!','Managers decison is final.\nOnly today\'s tickets will be valid.\n','2016-03-18 10:14:00','2016-03-18 22:30:00',0,NULL,'2016-03-18 19:14:41','2016-03-19 18:38:13'),(55,75,'Sizzler, Garlic Bread and Iced Tea @499/-','Only valid on Monday-Friday\nManagers decision is final.','2016-03-18 16:01:00','2026-09-18 16:01:00',1,NULL,'2016-03-18 20:01:43','2016-03-18 21:12:54'),(56,76,'Veg combo starting at 230/- and Non Veg combo starting at 250/- (4  dishes!) ','Offer valid check while stocks last.\nPlease check with store manager. ','2016-03-18 16:56:00','2034-03-18 12:56:00',0,NULL,'2016-03-18 20:57:09','2016-03-18 21:14:39'),(57,77,'Veg Sandwich and Iced tea combo at 150/-','Offer valid till stocks last.\nManagers decision is final.','2016-03-18 17:22:00','2027-03-19 17:22:00',1,NULL,'2016-03-18 21:22:39','2016-03-18 21:43:57'),(58,74,'Offer on Platter','Buy a platter and avail a mocktail complimentary','2016-03-19 11:32:00','2016-03-20 12:00:00',1,NULL,'2016-03-19 18:33:28','2016-03-19 18:33:28'),(59,25,'Happy hours ','call before coming','2016-03-23 21:45:00','2016-03-23 22:45:00',1,NULL,'2016-03-24 01:45:32','2016-03-24 01:45:43'),(60,82,'Barbeque lunches starting at 555/- all inclusive ','Fix an appointment before coming\nCall the store and confirm the offer\n','2016-04-02 13:23:00','2020-04-02 13:23:00',1,NULL,'2016-04-02 17:23:43','2016-04-02 17:23:43'),(61,83,'Test Deal','Test TAndC LOL jk ','2016-04-02 17:30:00','2016-05-02 17:30:00',1,NULL,'2016-04-02 21:31:03','2016-04-02 21:31:22'),(62,84,'BOGO','managers us final \ncall before coming','2016-04-04 13:20:00','2016-04-12 18:21:00',1,NULL,'2016-04-04 17:21:41','2016-04-04 17:21:41'),(63,85,'vogo ahabsb','hwbshajababq ','2016-04-04 13:26:00','2021-04-04 13:26:00',1,NULL,'2016-04-04 17:27:10','2016-04-04 17:56:53'),(64,85,'friday fwver','gabajaba aa ','2016-04-04 13:27:00','2016-04-04 13:27:00',0,NULL,'2016-04-04 17:27:47','2016-04-04 17:56:50'),(65,86,'Kids eat free! (test)','Call before xoming\nmanagers dec final','2016-04-04 14:04:00','2016-08-10 12:04:00',0,NULL,'2016-04-04 18:04:41','2016-04-05 18:45:04');
/*!40000 ALTER TABLE `offers` ENABLE KEYS */;
UNLOCK TABLES;

--
-- Table structure for table `password_otp_resets`
--

DROP TABLE IF EXISTS `password_otp_resets`;
/*!40101 SET @saved_cs_client     = @@character_set_client */;
/*!40101 SET character_set_client = utf8 */;
CREATE TABLE `password_otp_resets` (
  `id` int(10) unsigned NOT NULL AUTO_INCREMENT,
  `user_id` int(10) unsigned NOT NULL,
  `token` varchar(255) COLLATE utf8_unicode_ci NOT NULL,
  `code` varchar(255) COLLATE utf8_unicode_ci NOT NULL,
  `is_verified` tinyint(1) NOT NULL DEFAULT '0',
  `created_at` timestamp NOT NULL DEFAULT '0000-00-00 00:00:00',
  `updated_at` timestamp NOT NULL DEFAULT '0000-00-00 00:00:00',
  PRIMARY KEY (`id`),
  KEY `password_otp_resets_token_index` (`token`),
  KEY `password_otp_resets_code_index` (`code`)
) ENGINE=InnoDB DEFAULT CHARSET=utf8 COLLATE=utf8_unicode_ci;
/*!40101 SET character_set_client = @saved_cs_client */;

--
-- Dumping data for table `password_otp_resets`
--

LOCK TABLES `password_otp_resets` WRITE;
/*!40000 ALTER TABLE `password_otp_resets` DISABLE KEYS */;
/*!40000 ALTER TABLE `password_otp_resets` ENABLE KEYS */;
UNLOCK TABLES;

--
-- Table structure for table `password_resets`
--

DROP TABLE IF EXISTS `password_resets`;
/*!40101 SET @saved_cs_client     = @@character_set_client */;
/*!40101 SET character_set_client = utf8 */;
CREATE TABLE `password_resets` (
  `email` varchar(255) COLLATE utf8_unicode_ci NOT NULL,
  `token` varchar(255) COLLATE utf8_unicode_ci NOT NULL,
  `created_at` timestamp NOT NULL DEFAULT '0000-00-00 00:00:00',
  KEY `password_resets_email_index` (`email`),
  KEY `password_resets_token_index` (`token`)
) ENGINE=InnoDB DEFAULT CHARSET=utf8 COLLATE=utf8_unicode_ci;
/*!40101 SET character_set_client = @saved_cs_client */;

--
-- Dumping data for table `password_resets`
--

LOCK TABLES `password_resets` WRITE;
/*!40000 ALTER TABLE `password_resets` DISABLE KEYS */;
/*!40000 ALTER TABLE `password_resets` ENABLE KEYS */;
UNLOCK TABLES;

--
-- Table structure for table `permission_role`
--

DROP TABLE IF EXISTS `permission_role`;
/*!40101 SET @saved_cs_client     = @@character_set_client */;
/*!40101 SET character_set_client = utf8 */;
CREATE TABLE `permission_role` (
  `permission_id` int(10) unsigned NOT NULL,
  `role_id` int(10) unsigned NOT NULL,
  PRIMARY KEY (`permission_id`,`role_id`),
  KEY `permission_role_role_id_foreign` (`role_id`),
  CONSTRAINT `permission_role_permission_id_foreign` FOREIGN KEY (`permission_id`) REFERENCES `permissions` (`id`) ON DELETE CASCADE ON UPDATE CASCADE,
  CONSTRAINT `permission_role_role_id_foreign` FOREIGN KEY (`role_id`) REFERENCES `roles` (`id`) ON DELETE CASCADE ON UPDATE CASCADE
) ENGINE=InnoDB DEFAULT CHARSET=utf8 COLLATE=utf8_unicode_ci;
/*!40101 SET character_set_client = @saved_cs_client */;

--
-- Dumping data for table `permission_role`
--

LOCK TABLES `permission_role` WRITE;
/*!40000 ALTER TABLE `permission_role` DISABLE KEYS */;
/*!40000 ALTER TABLE `permission_role` ENABLE KEYS */;
UNLOCK TABLES;

--
-- Table structure for table `permissions`
--

DROP TABLE IF EXISTS `permissions`;
/*!40101 SET @saved_cs_client     = @@character_set_client */;
/*!40101 SET character_set_client = utf8 */;
CREATE TABLE `permissions` (
  `id` int(10) unsigned NOT NULL AUTO_INCREMENT,
  `name` varchar(255) COLLATE utf8_unicode_ci NOT NULL,
  `display_name` varchar(255) COLLATE utf8_unicode_ci DEFAULT NULL,
  `description` varchar(255) COLLATE utf8_unicode_ci DEFAULT NULL,
  `created_at` timestamp NOT NULL DEFAULT '0000-00-00 00:00:00',
  `updated_at` timestamp NOT NULL DEFAULT '0000-00-00 00:00:00',
  PRIMARY KEY (`id`),
  UNIQUE KEY `permissions_name_unique` (`name`)
) ENGINE=InnoDB DEFAULT CHARSET=utf8 COLLATE=utf8_unicode_ci;
/*!40101 SET character_set_client = @saved_cs_client */;

--
-- Dumping data for table `permissions`
--

LOCK TABLES `permissions` WRITE;
/*!40000 ALTER TABLE `permissions` DISABLE KEYS */;
/*!40000 ALTER TABLE `permissions` ENABLE KEYS */;
UNLOCK TABLES;

--
-- Table structure for table `role_user`
--

DROP TABLE IF EXISTS `role_user`;
/*!40101 SET @saved_cs_client     = @@character_set_client */;
/*!40101 SET character_set_client = utf8 */;
CREATE TABLE `role_user` (
  `user_id` int(10) unsigned NOT NULL,
  `role_id` int(10) unsigned NOT NULL,
  PRIMARY KEY (`user_id`,`role_id`),
  KEY `role_user_role_id_foreign` (`role_id`),
  CONSTRAINT `role_user_role_id_foreign` FOREIGN KEY (`role_id`) REFERENCES `roles` (`id`) ON DELETE CASCADE ON UPDATE CASCADE,
  CONSTRAINT `role_user_user_id_foreign` FOREIGN KEY (`user_id`) REFERENCES `users` (`id`) ON DELETE CASCADE ON UPDATE CASCADE
) ENGINE=InnoDB DEFAULT CHARSET=utf8 COLLATE=utf8_unicode_ci;
/*!40101 SET character_set_client = @saved_cs_client */;

--
-- Dumping data for table `role_user`
--

LOCK TABLES `role_user` WRITE;
/*!40000 ALTER TABLE `role_user` DISABLE KEYS */;
INSERT INTO `role_user` VALUES (11,1),(12,1),(13,1),(14,1),(15,1),(16,1),(17,1),(18,1),(19,1),(20,1),(21,1),(22,1),(23,1),(25,1),(26,1),(27,1),(30,1),(31,1),(40,1),(41,1),(45,1),(46,1),(47,1),(48,1),(49,1),(50,1),(51,1),(55,1),(59,1),(60,1),(63,1),(64,1),(65,1),(70,1),(72,1),(73,1),(75,1),(76,1),(77,1),(78,1),(91,1),(92,1),(98,1),(105,1),(106,1),(138,1),(139,1),(144,1),(2,2),(3,2),(4,2),(5,2),(6,2),(7,2),(8,2),(9,2),(21,2),(24,2),(27,2),(28,2),(29,2),(32,2),(33,2),(34,2),(35,2),(36,2),(37,2),(38,2),(39,2),(41,2),(42,2),(43,2),(44,2),(51,2),(52,2),(53,2),(54,2),(56,2),(57,2),(58,2),(61,2),(62,2),(66,2),(67,2),(68,2),(69,2),(71,2),(74,2),(79,2),(80,2),(81,2),(82,2),(83,2),(85,2),(86,2),(89,2),(90,2),(93,2),(95,2),(97,2),(98,2),(99,2),(101,2),(102,2),(103,2),(107,2),(108,2),(109,2),(110,2),(111,2),(112,2),(113,2),(114,2),(115,2),(116,2),(117,2),(118,2),(119,2),(120,2),(121,2),(122,2),(123,2),(124,2),(125,2),(127,2),(128,2),(129,2),(130,2),(136,2),(137,2),(140,2),(141,2),(142,2),(143,2),(145,2),(146,2),(147,2),(21,3),(21,4);
/*!40000 ALTER TABLE `role_user` ENABLE KEYS */;
UNLOCK TABLES;

--
-- Table structure for table `roles`
--

DROP TABLE IF EXISTS `roles`;
/*!40101 SET @saved_cs_client     = @@character_set_client */;
/*!40101 SET character_set_client = utf8 */;
CREATE TABLE `roles` (
  `id` int(10) unsigned NOT NULL AUTO_INCREMENT,
  `name` varchar(255) COLLATE utf8_unicode_ci NOT NULL,
  `display_name` varchar(255) COLLATE utf8_unicode_ci DEFAULT NULL,
  `description` varchar(255) COLLATE utf8_unicode_ci DEFAULT NULL,
  `created_at` timestamp NOT NULL DEFAULT '0000-00-00 00:00:00',
  `updated_at` timestamp NOT NULL DEFAULT '0000-00-00 00:00:00',
  PRIMARY KEY (`id`),
  UNIQUE KEY `roles_name_unique` (`name`)
) ENGINE=InnoDB AUTO_INCREMENT=5 DEFAULT CHARSET=utf8 COLLATE=utf8_unicode_ci;
/*!40101 SET character_set_client = @saved_cs_client */;

--
-- Dumping data for table `roles`
--

LOCK TABLES `roles` WRITE;
/*!40000 ALTER TABLE `roles` DISABLE KEYS */;
INSERT INTO `roles` VALUES (1,'customer','Customer','our customers','0000-00-00 00:00:00','0000-00-00 00:00:00'),(2,'merchant','Merchant','our partnered Merchant','0000-00-00 00:00:00','0000-00-00 00:00:00'),(3,'admin','Admin','Daily maintenance administrator','0000-00-00 00:00:00','0000-00-00 00:00:00'),(4,'superAdmin','Owner','Owner of the application','0000-00-00 00:00:00','0000-00-00 00:00:00');
/*!40000 ALTER TABLE `roles` ENABLE KEYS */;
UNLOCK TABLES;

--
-- Table structure for table `states`
--

DROP TABLE IF EXISTS `states`;
/*!40101 SET @saved_cs_client     = @@character_set_client */;
/*!40101 SET character_set_client = utf8 */;
CREATE TABLE `states` (
  `id` int(10) unsigned NOT NULL AUTO_INCREMENT,
  `title` varchar(100) COLLATE utf8_unicode_ci NOT NULL,
  PRIMARY KEY (`id`)
) ENGINE=InnoDB AUTO_INCREMENT=3 DEFAULT CHARSET=utf8 COLLATE=utf8_unicode_ci;
/*!40101 SET character_set_client = @saved_cs_client */;

--
-- Dumping data for table `states`
--

LOCK TABLES `states` WRITE;
/*!40000 ALTER TABLE `states` DISABLE KEYS */;
INSERT INTO `states` VALUES (1,'Karnataka'),(2,'Tamil Nadu');
/*!40000 ALTER TABLE `states` ENABLE KEYS */;
UNLOCK TABLES;

--
-- Table structure for table `tag_store`
--

DROP TABLE IF EXISTS `tag_store`;
/*!40101 SET @saved_cs_client     = @@character_set_client */;
/*!40101 SET character_set_client = utf8 */;
CREATE TABLE `tag_store` (
  `store_id` int(10) unsigned NOT NULL,
  `tag_id` int(10) unsigned NOT NULL,
  PRIMARY KEY (`store_id`,`tag_id`),
  KEY `tag_store_tag_id_foreign` (`tag_id`),
  CONSTRAINT `tag_store_store_id_foreign` FOREIGN KEY (`store_id`) REFERENCES `merchant_store` (`id`) ON DELETE CASCADE ON UPDATE CASCADE,
  CONSTRAINT `tag_store_tag_id_foreign` FOREIGN KEY (`tag_id`) REFERENCES `tags` (`id`) ON DELETE CASCADE ON UPDATE CASCADE
) ENGINE=InnoDB DEFAULT CHARSET=utf8 COLLATE=utf8_unicode_ci;
/*!40101 SET character_set_client = @saved_cs_client */;

--
-- Dumping data for table `tag_store`
--

LOCK TABLES `tag_store` WRITE;
/*!40000 ALTER TABLE `tag_store` DISABLE KEYS */;
INSERT INTO `tag_store` VALUES (26,1),(44,1),(61,1),(67,1),(71,1),(80,1),(85,1),(5,2),(6,2),(7,2),(9,2),(10,2),(11,2),(18,2),(23,2),(26,2),(28,2),(29,2),(33,2),(34,2),(35,2),(50,2),(58,2),(59,2),(60,2),(63,2),(66,2),(68,2),(69,2),(70,2),(72,2),(73,2),(74,2),(75,2),(76,2),(79,2),(80,2),(81,2),(82,2),(83,2),(86,2),(1,3),(4,3),(11,3),(12,3),(13,3),(14,3),(15,3),(17,3),(18,3),(19,3),(20,3),(24,3),(27,3),(31,3),(32,3),(37,3),(38,3),(40,3),(45,3),(46,3),(48,3),(62,3),(64,3),(65,3),(77,3),(8,4),(12,4),(16,4),(17,4),(19,4),(20,4),(21,4),(24,4),(31,4),(32,4),(36,4),(39,4),(46,4),(48,4),(84,4),(1,6),(4,6),(8,6),(16,6),(31,6),(41,6),(43,6),(78,6);
/*!40000 ALTER TABLE `tag_store` ENABLE KEYS */;
UNLOCK TABLES;

--
-- Table structure for table `tags`
--

DROP TABLE IF EXISTS `tags`;
/*!40101 SET @saved_cs_client     = @@character_set_client */;
/*!40101 SET character_set_client = utf8 */;
CREATE TABLE `tags` (
  `id` int(10) unsigned NOT NULL AUTO_INCREMENT,
  `title` varchar(20) COLLATE utf8_unicode_ci NOT NULL,
  PRIMARY KEY (`id`)
) ENGINE=InnoDB AUTO_INCREMENT=8 DEFAULT CHARSET=utf8 COLLATE=utf8_unicode_ci;
/*!40101 SET character_set_client = @saved_cs_client */;

--
-- Dumping data for table `tags`
--

LOCK TABLES `tags` WRITE;
/*!40000 ALTER TABLE `tags` DISABLE KEYS */;
INSERT INTO `tags` VALUES (1,'Bar'),(2,'Restaurant'),(3,'Cafe'),(4,'Food Retail'),(6,'Nightclub');
/*!40000 ALTER TABLE `tags` ENABLE KEYS */;
UNLOCK TABLES;

--
-- Table structure for table `temp_mobile`
--

DROP TABLE IF EXISTS `temp_mobile`;
/*!40101 SET @saved_cs_client     = @@character_set_client */;
/*!40101 SET character_set_client = utf8 */;
CREATE TABLE `temp_mobile` (
  `id` int(10) unsigned NOT NULL AUTO_INCREMENT,
  `mobile` varchar(10) COLLATE utf8_unicode_ci NOT NULL,
  `status` tinyint(1) NOT NULL DEFAULT '0',
  `deleted_at` timestamp NULL DEFAULT NULL,
  `created_at` timestamp NOT NULL DEFAULT '0000-00-00 00:00:00',
  `updated_at` timestamp NOT NULL DEFAULT '0000-00-00 00:00:00',
  PRIMARY KEY (`id`)
) ENGINE=InnoDB AUTO_INCREMENT=239 DEFAULT CHARSET=utf8 COLLATE=utf8_unicode_ci;
/*!40101 SET character_set_client = @saved_cs_client */;

--
-- Dumping data for table `temp_mobile`
--

LOCK TABLES `temp_mobile` WRITE;
/*!40000 ALTER TABLE `temp_mobile` DISABLE KEYS */;
INSERT INTO `temp_mobile` VALUES (1,'9033182077',1,'2016-02-10 18:41:24','2016-02-10 01:21:45','2016-02-10 18:41:24'),(2,'9033465793',1,'2016-02-10 17:01:13','2016-02-10 11:42:28','2016-02-10 17:01:13'),(3,'9033465793',1,'2016-02-10 17:05:30','2016-02-10 17:01:15','2016-02-10 17:05:30'),(4,'7829484225',1,NULL,'2016-02-10 17:02:28','2016-02-10 17:03:03'),(5,'9033465793',1,'2016-02-10 17:28:54','2016-02-10 17:05:31','2016-02-10 17:28:54'),(6,'8281128809',1,NULL,'2016-02-10 17:25:13','2016-02-10 17:25:21'),(7,'9033465793',1,'2016-02-10 17:36:33','2016-02-10 17:28:55','2016-02-10 17:36:33'),(8,'9033465793',0,'2016-02-10 17:38:05','2016-02-10 17:36:35','2016-02-10 17:38:05'),(9,'9033465793',0,'2016-02-10 17:49:15','2016-02-10 17:38:07','2016-02-10 17:49:15'),(10,'9033465793',1,'2016-02-10 17:53:52','2016-02-10 17:49:17','2016-02-10 17:53:52'),(11,'9033465793',1,'2016-02-10 18:16:02','2016-02-10 17:53:53','2016-02-10 18:16:02'),(12,'9033465793',1,'2016-02-11 01:12:59','2016-02-10 18:16:03','2016-02-11 01:12:59'),(13,'8866166298',0,'2016-02-10 18:37:43','2016-02-10 18:36:39','2016-02-10 18:37:43'),(14,'8866166298',0,'2016-02-10 18:39:09','2016-02-10 18:37:44','2016-02-10 18:39:09'),(15,'8866166298',0,'2016-02-10 18:44:33','2016-02-10 18:39:10','2016-02-10 18:44:33'),(16,'9033182077',1,'2016-02-10 21:35:53','2016-02-10 18:41:25','2016-02-10 21:35:53'),(17,'8866166298',1,'2016-02-26 12:04:33','2016-02-10 18:44:34','2016-02-26 12:04:33'),(18,'8547421850',1,'2016-02-11 09:57:16','2016-02-10 19:45:35','2016-02-11 09:57:16'),(19,'9791497972',1,'2016-02-10 22:11:00','2016-02-10 20:31:46','2016-02-10 22:11:00'),(20,'9092590225',1,'2016-02-24 17:18:46','2016-02-10 20:52:19','2016-02-24 17:18:46'),(21,'9033182077',1,'2016-03-01 00:58:03','2016-02-10 21:35:54','2016-03-01 00:58:03'),(22,'9429214497',1,NULL,'2016-02-10 21:36:51','2016-02-10 21:37:02'),(23,'8500024747',1,'2016-03-07 01:35:06','2016-02-10 22:08:19','2016-03-07 01:35:06'),(24,'9791497972',1,'2016-02-11 12:30:44','2016-02-10 22:11:02','2016-02-11 12:30:44'),(25,'9033465793',0,'2016-02-11 01:20:03','2016-02-11 01:13:00','2016-02-11 01:20:03'),(26,'9033465793',0,'2016-02-11 13:54:10','2016-02-11 01:20:04','2016-02-11 13:54:10'),(27,'8547421850',1,'2016-02-11 10:15:00','2016-02-11 09:57:17','2016-02-11 10:15:00'),(28,'8547421850',1,'2016-02-11 12:09:02','2016-02-11 10:15:01','2016-02-11 12:09:02'),(29,'9809308351',0,'2016-02-11 11:53:25','2016-02-11 11:47:49','2016-02-11 11:53:25'),(30,'9809308351',1,NULL,'2016-02-11 11:53:27','2016-02-11 11:53:50'),(31,'8547421850',1,'2016-02-11 12:13:17','2016-02-11 12:09:03','2016-02-11 12:13:17'),(32,'8547421850',1,'2016-02-15 12:40:03','2016-02-11 12:13:18','2016-02-15 12:40:03'),(33,'9092590255',0,'2016-02-11 12:29:04','2016-02-11 12:27:45','2016-02-11 12:29:04'),(34,'9092590255',0,NULL,'2016-02-11 12:29:05','2016-02-11 12:29:05'),(35,'9791497972',1,'2016-02-15 14:47:44','2016-02-11 12:30:45','2016-02-15 14:47:44'),(36,'9033465793',1,'2016-02-12 23:49:21','2016-02-11 13:54:11','2016-02-12 23:49:21'),(37,'9791945636',1,NULL,'2016-02-11 14:49:57','2016-02-11 14:50:13'),(38,'8511067716',1,'2016-02-12 23:35:14','2016-02-12 10:42:24','2016-02-12 23:35:14'),(39,'7358295419',1,NULL,'2016-02-12 18:28:19','2016-02-12 18:28:24'),(40,'9884846585',1,NULL,'2016-02-12 21:52:47','2016-02-12 21:53:13'),(41,'9884098840',0,NULL,'2016-02-12 21:56:51','2016-02-12 21:56:51'),(42,'8511067716',1,'2016-02-16 17:57:50','2016-02-12 23:35:15','2016-02-16 17:57:50'),(43,'9033465793',1,'2016-02-13 01:16:50','2016-02-12 23:49:24','2016-02-13 01:16:50'),(44,'9033465793',0,'2016-02-13 01:27:48','2016-02-13 01:16:51','2016-02-13 01:27:48'),(45,'9033465793',0,'2016-02-13 01:31:12','2016-02-13 01:27:49','2016-02-13 01:31:12'),(46,'9033465793',0,'2016-02-13 01:38:55','2016-02-13 01:31:13','2016-02-13 01:38:55'),(47,'9033465793',0,'2016-02-13 01:56:43','2016-02-13 01:38:56','2016-02-13 01:56:43'),(48,'9033465793',0,'2016-02-13 02:04:21','2016-02-13 01:56:45','2016-02-13 02:04:21'),(49,'9033465793',0,'2016-02-13 02:07:32','2016-02-13 02:04:22','2016-02-13 02:07:32'),(50,'9033465793',0,'2016-02-13 02:15:01','2016-02-13 02:07:33','2016-02-13 02:15:01'),(51,'9033465793',0,'2016-02-13 02:17:23','2016-02-13 02:15:02','2016-02-13 02:17:23'),(52,'9033465793',0,'2016-02-13 02:19:18','2016-02-13 02:17:24','2016-02-13 02:19:18'),(53,'9033465793',0,'2016-02-13 02:31:55','2016-02-13 02:19:19','2016-02-13 02:31:55'),(54,'9033465793',0,'2016-02-13 02:34:48','2016-02-13 02:31:56','2016-02-13 02:34:48'),(55,'9033465793',0,'2016-02-13 02:37:31','2016-02-13 02:34:49','2016-02-13 02:37:31'),(56,'9033465793',0,'2016-02-13 02:39:44','2016-02-13 02:37:32','2016-02-13 02:39:44'),(57,'9033465793',0,'2016-02-13 02:42:26','2016-02-13 02:39:45','2016-02-13 02:42:26'),(58,'9033465793',0,'2016-02-13 02:44:31','2016-02-13 02:42:28','2016-02-13 02:44:31'),(59,'9033465793',0,'2016-02-13 02:48:36','2016-02-13 02:44:32','2016-02-13 02:48:36'),(60,'9033465793',0,'2016-02-13 02:50:33','2016-02-13 02:48:37','2016-02-13 02:50:33'),(61,'9033465793',0,'2016-02-13 02:55:06','2016-02-13 02:50:34','2016-02-13 02:55:06'),(62,'9033465893',0,NULL,'2016-02-13 02:54:01','2016-02-13 02:54:01'),(63,'9033465793',0,'2016-02-13 02:58:02','2016-02-13 02:55:07','2016-02-13 02:58:02'),(64,'9033465793',0,'2016-02-13 03:01:02','2016-02-13 02:58:03','2016-02-13 03:01:02'),(65,'9033465793',1,'2016-02-13 03:06:57','2016-02-13 03:01:03','2016-02-13 03:06:57'),(66,'9033465793',0,'2016-02-13 03:08:36','2016-02-13 03:06:58','2016-02-13 03:08:36'),(67,'9033465793',0,'2016-02-13 03:10:38','2016-02-13 03:08:37','2016-02-13 03:10:38'),(68,'9033465793',1,'2016-02-13 03:17:18','2016-02-13 03:10:39','2016-02-13 03:17:18'),(69,'9033465793',1,'2016-02-13 03:19:27','2016-02-13 03:17:19','2016-02-13 03:19:27'),(70,'9033465793',1,'2016-02-13 03:21:00','2016-02-13 03:19:29','2016-02-13 03:21:00'),(71,'9033465793',1,'2016-02-13 03:25:13','2016-02-13 03:21:02','2016-02-13 03:25:13'),(72,'9033465793',1,'2016-02-13 03:29:15','2016-02-13 03:25:14','2016-02-13 03:29:15'),(73,'9033465793',1,'2016-02-13 03:41:49','2016-02-13 03:29:16','2016-02-13 03:41:49'),(74,'9033465793',0,'2016-02-13 03:45:23','2016-02-13 03:41:50','2016-02-13 03:45:23'),(75,'9033465793',1,'2016-02-13 03:52:31','2016-02-13 03:45:24','2016-02-13 03:52:31'),(76,'9033465793',1,'2016-02-13 04:02:40','2016-02-13 03:52:32','2016-02-13 04:02:40'),(77,'9033465793',0,'2016-02-13 04:06:55','2016-02-13 04:02:41','2016-02-13 04:06:55'),(78,'9033465793',0,'2016-02-13 04:12:15','2016-02-13 04:06:56','2016-02-13 04:12:15'),(79,'9033465793',0,'2016-02-13 04:13:16','2016-02-13 04:12:16','2016-02-13 04:13:16'),(80,'9033465793',0,'2016-02-13 04:20:29','2016-02-13 04:13:17','2016-02-13 04:20:29'),(81,'9033465793',1,'2016-02-24 17:17:23','2016-02-13 04:20:30','2016-02-24 17:17:23'),(82,'9176999900',1,NULL,'2016-02-13 10:15:48','2016-02-13 10:15:55'),(83,'8547421850',1,'2016-02-24 12:18:29','2016-02-15 12:40:04','2016-02-24 12:18:29'),(84,'9791497972',1,'2016-02-25 18:09:10','2016-02-15 14:47:46','2016-02-25 18:09:10'),(85,'8511067716',1,'2016-02-26 11:52:38','2016-02-16 17:57:51','2016-02-26 11:52:38'),(86,'9194448645',1,NULL,'2016-02-17 19:16:08','2016-02-17 19:16:52'),(87,'9790991544',1,NULL,'2016-02-18 21:34:30','2016-02-18 21:36:33'),(88,'9176172998',1,NULL,'2016-02-21 20:26:01','2016-02-21 20:26:07'),(89,'9600020004',1,NULL,'2016-02-22 15:58:26','2016-02-22 15:58:38'),(90,'8547421850',1,'2016-02-29 00:38:50','2016-02-24 12:18:31','2016-02-29 00:38:50'),(91,'9033465793',0,'2016-02-24 17:33:39','2016-02-24 17:17:24','2016-02-24 17:33:39'),(92,'9092590225',1,'2016-02-26 11:24:00','2016-02-24 17:18:48','2016-02-26 11:24:00'),(93,'9033465793',0,'2016-02-24 17:38:45','2016-02-24 17:33:40','2016-02-24 17:38:45'),(94,'9033465793',1,'2016-02-24 17:42:31','2016-02-24 17:38:46','2016-02-24 17:42:31'),(95,'9033465793',1,'2016-02-27 20:47:39','2016-02-24 17:42:32','2016-02-27 20:47:39'),(96,'9791497972',1,'2016-02-25 18:10:18','2016-02-25 18:09:12','2016-02-25 18:10:18'),(97,'9791497972',1,'2016-02-29 11:37:56','2016-02-25 18:10:19','2016-02-29 11:37:56'),(98,'9092590225',1,'2016-02-28 20:45:13','2016-02-26 11:24:01','2016-02-28 20:45:13'),(99,'8511067716',1,'2016-02-26 11:55:39','2016-02-26 11:52:40','2016-02-26 11:55:39'),(100,'8511067716',1,'2016-02-26 22:43:18','2016-02-26 11:55:40','2016-02-26 22:43:18'),(101,'8866166298',0,'2016-02-26 12:04:39','2016-02-26 12:04:34','2016-02-26 12:04:39'),(102,'8866166298',0,'2016-02-26 12:05:28','2016-02-26 12:04:40','2016-02-26 12:05:28'),(103,'8866166298',0,'2016-02-26 12:06:25','2016-02-26 12:05:29','2016-02-26 12:06:25'),(104,'8866166298',1,'2016-02-28 19:12:42','2016-02-26 12:06:26','2016-02-28 19:12:42'),(105,'9840465375',1,NULL,'2016-02-26 19:11:39','2016-02-26 19:11:44'),(106,'8801709993',1,NULL,'2016-02-26 22:22:50','2016-02-26 22:23:05'),(107,'8511067716',0,'2016-02-26 22:44:33','2016-02-26 22:43:19','2016-02-26 22:44:33'),(108,'8511067716',1,'2016-02-26 22:52:57','2016-02-26 22:44:34','2016-02-26 22:52:57'),(109,'8511067716',1,'2016-03-01 01:12:09','2016-02-26 22:52:59','2016-03-01 01:12:09'),(110,'8056125333',1,'2016-02-27 17:40:17','2016-02-27 17:25:12','2016-02-27 17:40:17'),(111,'8056125333',1,'2016-03-20 21:37:41','2016-02-27 17:40:24','2016-03-20 21:37:41'),(112,'9924142441',0,'2016-02-27 20:04:15','2016-02-27 20:01:20','2016-02-27 20:04:15'),(113,'9924142441',0,NULL,'2016-02-27 20:04:16','2016-02-27 20:04:16'),(114,'9731516163',0,'2016-02-27 20:18:16','2016-02-27 20:16:45','2016-02-27 20:18:16'),(115,'9731516163',0,'2016-02-27 20:21:22','2016-02-27 20:18:17','2016-02-27 20:21:22'),(116,'9731516163',0,'2016-02-27 20:26:00','2016-02-27 20:21:23','2016-02-27 20:26:00'),(117,'9731516163',0,'2016-02-27 20:27:49','2016-02-27 20:26:01','2016-02-27 20:27:49'),(118,'9731516163',1,NULL,'2016-02-27 20:27:51','2016-02-27 20:28:04'),(119,'9033465793',1,'2016-03-03 18:08:41','2016-02-27 20:47:40','2016-03-03 18:08:41'),(120,'9444056802',1,NULL,'2016-02-28 14:16:40','2016-02-28 14:16:45'),(121,'8460799819',1,NULL,'2016-02-28 15:54:07','2016-02-28 15:54:13'),(122,'9601657781',1,NULL,'2016-02-28 17:29:55','2016-02-28 17:30:37'),(123,'9879784657',1,NULL,'2016-02-28 19:11:03','2016-02-28 19:11:09'),(124,'8866166298',1,'2016-03-13 21:03:50','2016-02-28 19:12:44','2016-03-13 21:03:50'),(125,'9092590225',1,'2016-02-29 11:35:58','2016-02-28 20:45:15','2016-02-29 11:35:58'),(126,'9840356790',1,'2016-02-28 22:02:35','2016-02-28 20:56:50','2016-02-28 22:02:35'),(127,'9940665489',1,NULL,'2016-02-28 21:02:00','2016-02-28 21:02:30'),(128,'9840356790',1,'2016-02-29 22:22:09','2016-02-28 22:02:36','2016-02-29 22:22:09'),(129,'8547421850',1,'2016-02-29 00:44:47','2016-02-29 00:38:51','2016-02-29 00:44:47'),(130,'8547421850',1,'2016-02-29 23:04:12','2016-02-29 00:44:48','2016-02-29 23:04:12'),(131,'8015353053',1,NULL,'2016-02-29 10:25:37','2016-02-29 10:25:57'),(132,'9840315233',1,NULL,'2016-02-29 10:57:47','2016-02-29 10:58:31'),(133,'9092590225',1,'2016-03-08 19:35:06','2016-02-29 11:35:59','2016-03-08 19:35:06'),(134,'9791497972',1,'2016-03-01 13:36:56','2016-02-29 11:37:58','2016-03-01 13:36:56'),(135,'9444056803',0,NULL,'2016-02-29 15:39:45','2016-02-29 15:39:45'),(136,'9840356790',1,NULL,'2016-02-29 22:22:11','2016-02-29 22:22:24'),(137,'8547421850',1,'2016-03-01 20:11:04','2016-02-29 23:04:13','2016-03-01 20:11:04'),(138,'9033182077',1,NULL,'2016-03-01 00:58:04','2016-03-01 00:58:15'),(139,'8511067716',1,NULL,'2016-03-01 01:12:10','2016-03-01 01:12:21'),(140,'9791035417',1,NULL,'2016-03-01 09:28:10','2016-03-01 09:28:22'),(141,'9791497972',1,'2016-03-13 00:09:59','2016-03-01 13:36:57','2016-03-13 00:09:59'),(142,'9645338159',1,NULL,'2016-03-01 13:43:33','2016-03-01 13:43:53'),(143,'8547421850',1,NULL,'2016-03-01 20:11:05','2016-03-01 20:11:19'),(144,'9176594000',1,NULL,'2016-03-02 00:03:29','2016-03-02 00:03:36'),(145,'9033465793',0,'2016-03-03 18:09:51','2016-03-03 18:08:43','2016-03-03 18:09:51'),(146,'9033465793',0,'2016-03-03 18:10:29','2016-03-03 18:09:52','2016-03-03 18:10:29'),(147,'9033465793',0,'2016-03-03 18:15:32','2016-03-03 18:10:30','2016-03-03 18:15:32'),(148,'9033465793',0,'2016-03-03 18:16:40','2016-03-03 18:15:33','2016-03-03 18:16:40'),(149,'9033465793',0,'2016-03-03 18:23:09','2016-03-03 18:16:41','2016-03-03 18:23:09'),(150,'9033465793',0,'2016-03-03 18:24:18','2016-03-03 18:23:11','2016-03-03 18:24:18'),(151,'9033465793',1,'2016-03-13 20:59:05','2016-03-03 18:24:19','2016-03-13 20:59:05'),(152,'7799637742',0,NULL,'2016-03-03 19:18:23','2016-03-03 19:18:23'),(153,'9884474621',1,NULL,'2016-03-04 14:42:49','2016-03-04 14:42:51'),(154,'8939576378',1,NULL,'2016-03-05 23:16:45','2016-03-05 23:16:53'),(155,'9962370135',1,NULL,'2016-03-06 16:59:15','2016-03-06 16:59:23'),(156,'9985815303',1,NULL,'2016-03-07 01:16:07','2016-03-07 01:16:24'),(157,'8500024747',1,'2016-03-11 00:57:43','2016-03-07 01:35:07','2016-03-11 00:57:43'),(158,'9092590225',0,'2016-03-09 19:38:54','2016-03-08 19:35:07','2016-03-09 19:38:54'),(159,'9092590225',1,'2016-03-11 07:11:04','2016-03-09 19:38:55','2016-03-11 07:11:04'),(160,'9864534388',0,NULL,'2016-03-10 05:13:48','2016-03-10 05:13:48'),(161,'9440684283',0,NULL,'2016-03-11 00:54:44','2016-03-11 00:54:44'),(162,'8500024747',1,'2016-03-24 17:27:32','2016-03-11 00:57:44','2016-03-24 17:27:32'),(163,'9092590225',0,NULL,'2016-03-11 07:11:10','2016-03-11 07:11:10'),(164,'9994848486',0,NULL,'2016-03-11 07:14:20','2016-03-11 07:14:20'),(165,'9791497972',1,NULL,'2016-03-13 00:10:00','2016-03-13 00:10:06'),(166,'8939639154',1,NULL,'2016-03-13 01:20:57','2016-03-13 01:21:03'),(167,'9033465793',1,NULL,'2016-03-13 20:59:06','2016-03-13 20:59:11'),(168,'8866166298',1,NULL,'2016-03-13 21:03:51','2016-03-13 21:04:09'),(169,'8939042261',1,NULL,'2016-03-13 21:24:57','2016-03-13 21:25:03'),(170,'9884065265',1,'2016-03-14 00:23:28','2016-03-14 00:16:31','2016-03-14 00:23:28'),(171,'8861177622',1,NULL,'2016-03-14 00:19:38','2016-03-14 00:19:44'),(172,'9884065265',1,NULL,'2016-03-14 00:23:29','2016-03-14 00:23:49'),(173,'9941313034',1,NULL,'2016-03-14 00:36:55','2016-03-14 00:36:59'),(174,'9600000559',0,'2016-03-14 19:08:29','2016-03-14 19:08:16','2016-03-14 19:08:29'),(175,'9600000559',1,NULL,'2016-03-14 19:08:30','2016-03-14 19:08:52'),(176,'9500002855',1,NULL,'2016-03-14 19:14:05','2016-03-14 19:14:30'),(177,'7401201771',1,NULL,'2016-03-14 22:41:25','2016-03-14 22:41:38'),(178,'9940633633',1,NULL,'2016-03-14 23:42:31','2016-03-14 23:42:37'),(179,'9941177664',1,NULL,'2016-03-15 15:41:47','2016-03-15 15:41:56'),(180,'9382277664',1,NULL,'2016-03-15 15:47:50','2016-03-15 15:48:11'),(181,'9940392844',1,NULL,'2016-03-16 22:16:49','2016-03-16 22:17:18'),(182,'9791919333',0,'2016-03-17 20:49:26','2016-03-17 20:48:27','2016-03-17 20:49:26'),(183,'9791919333',0,'2016-03-17 21:05:34','2016-03-17 20:49:27','2016-03-17 21:05:34'),(184,'9791919333',1,NULL,'2016-03-17 21:05:35','2016-03-17 21:06:09'),(185,'9789921256',1,NULL,'2016-03-18 02:20:21','2016-03-18 02:20:28'),(186,'9841553160',1,NULL,'2016-03-18 19:11:27','2016-03-18 19:11:41'),(187,'7358186080',1,NULL,'2016-03-18 19:56:45','2016-03-18 19:57:08'),(188,'7502092721',0,'2016-03-18 20:52:21','2016-03-18 20:48:39','2016-03-18 20:52:21'),(189,'7502092721',1,NULL,'2016-03-18 20:52:22','2016-03-18 20:52:39'),(190,'9698205761',1,NULL,'2016-03-18 21:16:08','2016-03-18 21:16:34'),(191,'8056125333',1,'2016-03-22 22:38:15','2016-03-20 21:37:42','2016-03-22 22:38:15'),(192,'9600083765',1,NULL,'2016-03-21 18:14:17','2016-03-21 18:14:28'),(193,'8056125333',0,'2016-03-22 22:39:16','2016-03-22 22:38:16','2016-03-22 22:39:16'),(194,'8056125333',0,'2016-03-22 23:05:27','2016-03-22 22:39:17','2016-03-22 23:05:27'),(195,'8056125333',0,'2016-03-22 23:08:49','2016-03-22 23:05:28','2016-03-22 23:08:49'),(196,'8056125333',0,'2016-03-22 23:10:10','2016-03-22 23:08:50','2016-03-22 23:10:10'),(197,'8056125333',0,'2016-03-22 23:10:50','2016-03-22 23:10:11','2016-03-22 23:10:50'),(198,'8056125333',0,'2016-03-22 23:12:40','2016-03-22 23:10:51','2016-03-22 23:12:40'),(199,'8056125333',0,'2016-03-22 23:15:35','2016-03-22 23:12:41','2016-03-22 23:15:35'),(200,'8056125333',0,'2016-03-22 23:52:37','2016-03-22 23:15:36','2016-03-22 23:52:37'),(201,'8056125333',0,'2016-03-22 23:54:54','2016-03-22 23:52:38','2016-03-22 23:54:54'),(202,'8056125333',0,'2016-03-23 00:03:32','2016-03-22 23:52:39','2016-03-23 00:03:32'),(203,'8056125333',1,'2016-03-23 00:09:32','2016-03-22 23:54:55','2016-03-23 00:09:32'),(204,'8056125333',1,'2016-03-23 00:10:53','2016-03-23 00:03:33','2016-03-23 00:10:53'),(205,'8056125333',1,'2016-03-23 22:46:19','2016-03-23 00:09:33','2016-03-23 22:46:19'),(206,'8056125333',1,'2016-03-27 23:22:56','2016-03-23 00:10:54','2016-03-27 23:22:56'),(207,'9444343421',1,NULL,'2016-03-23 19:24:12','2016-03-23 19:24:29'),(208,'8056125333',1,'2016-03-27 23:25:44','2016-03-23 22:46:20','2016-03-27 23:25:44'),(209,'9841157869',1,NULL,'2016-03-24 01:41:24','2016-03-24 01:41:44'),(210,'8500024747',1,NULL,'2016-03-24 17:27:33','2016-03-24 17:27:50'),(211,'8056125333',1,'2016-03-27 23:27:30','2016-03-27 23:22:57','2016-03-27 23:27:30'),(212,'8056125333',0,'2016-03-27 23:29:29','2016-03-27 23:25:45','2016-03-27 23:29:29'),(213,'8056125333',1,'2016-03-27 23:49:27','2016-03-27 23:27:31','2016-03-27 23:49:27'),(214,'8056125333',1,'2016-03-27 23:50:19','2016-03-27 23:29:30','2016-03-27 23:50:19'),(215,'8056125333',0,'2016-03-27 23:51:25','2016-03-27 23:49:28','2016-03-27 23:51:25'),(216,'8056125333',1,'2016-03-28 00:00:39','2016-03-27 23:50:21','2016-03-28 00:00:39'),(217,'8056125333',1,'2016-03-28 00:01:21','2016-03-27 23:51:26','2016-03-28 00:01:21'),(218,'8056125333',0,'2016-03-28 00:01:50','2016-03-28 00:00:40','2016-03-28 00:01:50'),(219,'8056125333',0,'2016-03-28 00:11:09','2016-03-28 00:01:22','2016-03-28 00:11:09'),(220,'8056125333',1,'2016-03-28 00:18:01','2016-03-28 00:01:51','2016-03-28 00:18:01'),(221,'8056125333',1,'2016-04-03 20:05:08','2016-03-28 00:11:10','2016-04-03 20:05:08'),(222,'8056125333',1,NULL,'2016-03-28 00:18:02','2016-03-28 00:18:16'),(223,'9840735511',1,NULL,'2016-03-28 20:46:07','2016-03-28 20:46:26'),(224,'9841007755',1,NULL,'2016-04-01 21:44:53','2016-04-01 21:45:07'),(225,'8680992809',1,NULL,'2016-04-02 13:28:19','2016-04-02 13:28:38'),(226,'9791915025',1,NULL,'2016-04-02 14:00:51','2016-04-02 14:01:02'),(227,'8880722201',1,NULL,'2016-04-02 17:20:36','2016-04-02 17:20:59'),(228,'9841727628',1,NULL,'2016-04-02 21:24:32','2016-04-02 21:24:53'),(229,'9600025501',0,'2016-04-03 02:05:28','2016-04-03 02:04:14','2016-04-03 02:05:28'),(230,'9600025501',0,'2016-04-03 02:10:23','2016-04-03 02:05:29','2016-04-03 02:10:23'),(231,'9600025501',0,'2016-04-03 02:17:35','2016-04-03 02:10:24','2016-04-03 02:17:35'),(232,'9600025501',0,NULL,'2016-04-03 02:17:36','2016-04-03 02:17:36'),(233,'8939834787',1,NULL,'2016-04-03 02:27:51','2016-04-03 02:28:06'),(234,'9944513445',1,NULL,'2016-04-03 02:57:06','2016-04-03 02:57:14'),(235,'8056125333',1,NULL,'2016-04-03 20:05:09','2016-04-03 20:05:28'),(236,'9791127075',1,NULL,'2016-04-04 00:51:59','2016-04-04 00:52:05'),(237,'8939143536',1,NULL,'2016-04-04 17:23:36','2016-04-04 17:23:48'),(238,'9840876954',1,NULL,'2016-04-04 18:00:17','2016-04-04 18:00:44');
/*!40000 ALTER TABLE `temp_mobile` ENABLE KEYS */;
UNLOCK TABLES;

--
-- Table structure for table `user_sms_code`
--

DROP TABLE IF EXISTS `user_sms_code`;
/*!40101 SET @saved_cs_client     = @@character_set_client */;
/*!40101 SET character_set_client = utf8 */;
CREATE TABLE `user_sms_code` (
  `id` int(10) unsigned NOT NULL AUTO_INCREMENT,
  `mobile_id` int(10) unsigned NOT NULL,
  `code` varchar(6) COLLATE utf8_unicode_ci NOT NULL,
  `reference_id` varchar(24) COLLATE utf8_unicode_ci NOT NULL,
  `status` tinyint(1) NOT NULL DEFAULT '0',
  `created_at` timestamp NOT NULL DEFAULT '0000-00-00 00:00:00',
  `updated_at` timestamp NOT NULL DEFAULT '0000-00-00 00:00:00',
  `deleted_at` timestamp NULL DEFAULT NULL,
  PRIMARY KEY (`id`),
  UNIQUE KEY `user_sms_code_code_status_unique` (`code`,`status`),
  KEY `user_sms_code_mobile_id_foreign` (`mobile_id`),
  CONSTRAINT `user_sms_code_mobile_id_foreign` FOREIGN KEY (`mobile_id`) REFERENCES `temp_mobile` (`id`) ON DELETE CASCADE
) ENGINE=InnoDB AUTO_INCREMENT=239 DEFAULT CHARSET=utf8 COLLATE=utf8_unicode_ci;
/*!40101 SET character_set_client = @saved_cs_client */;

--
-- Dumping data for table `user_sms_code`
--

LOCK TABLES `user_sms_code` WRITE;
/*!40000 ALTER TABLE `user_sms_code` DISABLE KEYS */;
INSERT INTO `user_sms_code` VALUES (1,1,'2970','36626a615953363234313932',1,'2016-02-10 01:21:45','2016-02-10 01:22:04',NULL),(2,2,'6477','36626a6c6c42333036383438',1,'2016-02-10 11:42:28','2016-02-10 11:42:41',NULL),(3,3,'4455','36626a71456e313738313532',1,'2016-02-10 17:01:15','2016-02-10 17:01:35',NULL),(4,4,'6175','36626a714642383030303536',1,'2016-02-10 17:02:28','2016-02-10 17:03:03',NULL),(5,5,'6022','36626a714944393735363630',1,'2016-02-10 17:05:31','2016-02-10 17:05:43',NULL),(6,6,'6159','36626a71336d313534373033',1,'2016-02-10 17:25:13','2016-02-10 17:25:21',NULL),(7,7,'3125','36626a713633393139393932',1,'2016-02-10 17:28:55','2016-02-10 17:29:09',NULL),(8,8,'7559','36626a726649353339383430',0,'2016-02-10 17:36:35','2016-02-10 17:36:35',NULL),(9,9,'8455','36626a726867343438313139',0,'2016-02-10 17:38:07','2016-02-10 17:38:07',NULL),(10,10,'3865','36626a727371353131313137',1,'2016-02-10 17:49:17','2016-02-10 17:51:01',NULL),(11,11,'1499','36626a727731303030373838',1,'2016-02-10 17:53:53','2016-02-10 17:54:10',NULL),(12,12,'6749','36626a725463313331353034',1,'2016-02-10 18:16:03','2016-02-10 18:16:20',NULL),(13,13,'4988','36626a73664d333731353536',0,'2016-02-10 18:36:39','2016-02-10 18:36:39',NULL),(14,14,'4574','36626a736752303134383139',0,'2016-02-10 18:37:44','2016-02-10 18:37:44',NULL),(15,15,'9649','36626a73696a333731313135',0,'2016-02-10 18:39:10','2016-02-10 18:39:10',NULL),(16,16,'9361','36626a736b79313338313038',1,'2016-02-10 18:41:25','2016-02-10 18:44:00',NULL),(17,17,'2575','36626a736e48353236343334',1,'2016-02-10 18:44:34','2016-02-10 18:50:53',NULL),(18,18,'3817','36626a746f49393333393931',1,'2016-02-10 19:45:35','2016-02-10 19:45:47',NULL),(19,19,'1318','36626a756154383531393831',1,'2016-02-10 20:31:46','2016-02-10 20:31:51',NULL),(20,20,'9109','36626a757673363435333037',1,'2016-02-10 20:52:19','2016-02-10 20:52:31',NULL),(21,21,'3617','36626a766532333237373736',1,'2016-02-10 21:35:54','2016-02-10 21:36:15',NULL),(22,22,'3670','36626a766659303238323133',1,'2016-02-10 21:36:51','2016-02-10 21:37:02',NULL),(23,23,'3057','36626a764c73323539313837',1,'2016-02-10 22:08:20','2016-02-10 22:08:35',NULL),(24,24,'6131','36626a764f62393730343030',1,'2016-02-10 22:11:02','2016-02-10 22:11:08',NULL),(25,25,'6431','36626b615130373134353332',0,'2016-02-11 01:13:00','2016-02-11 01:13:00',NULL),(26,26,'1842','36626b615864363233383031',0,'2016-02-11 01:20:04','2016-02-11 01:20:04',NULL),(27,27,'4258','36626b6a4171393839373231',1,'2016-02-11 09:57:17','2016-02-11 09:57:39',NULL),(28,28,'8768','36626b6a5361303635353631',1,'2016-02-11 10:15:01','2016-02-11 10:15:13',NULL),(29,29,'9491','36626b6c7157363930383734',0,'2016-02-11 11:47:49','2016-02-11 11:47:49',NULL),(30,30,'5709','36626b6c777a333430303931',1,'2016-02-11 11:53:27','2016-02-11 11:53:50',NULL),(31,31,'5226','36626b6c4d63303938303332',1,'2016-02-11 12:09:03','2016-02-11 12:09:15',NULL),(32,32,'9209','36626b6c5172373431383839',1,'2016-02-11 12:13:18','2016-02-11 12:13:35',NULL),(33,33,'6142','36626b6c3552313632303436',0,'2016-02-11 12:27:45','2016-02-11 12:27:45',NULL),(34,34,'7995','36626b6c3765333135353532',0,'2016-02-11 12:29:05','2016-02-11 12:29:05',NULL),(35,35,'5489','36626b6d3053363439343636',1,'2016-02-11 12:30:45','2016-02-11 12:30:53',NULL),(36,36,'3332','36626b6e786b393432333733',1,'2016-02-11 13:54:11','2016-02-11 13:54:23',NULL),(37,37,'5000','36626b6f7335333337343938',1,'2016-02-11 14:49:57','2016-02-11 14:50:13',NULL),(38,38,'4082','36626c6b6c78333835393137',1,'2016-02-12 10:42:24','2016-02-12 10:45:11',NULL),(39,39,'3017','36626c723673353537373333',1,'2016-02-12 18:28:19','2016-02-12 18:28:24',NULL),(40,40,'7922','36626c767655393237343933',1,'2016-02-12 21:52:47','2016-02-12 21:53:13',NULL),(41,41,'3611','36626c767a59343335363736',0,'2016-02-12 21:56:51','2016-02-12 21:56:51',NULL),(42,42,'8837','36626d30656f383630363230',1,'2016-02-12 23:35:15','2016-02-12 23:35:21',NULL),(43,43,'2300','36626d307378383434343135',1,'2016-02-12 23:49:24','2016-02-12 23:49:29',NULL),(44,44,'9218','36626d615459303438363533',0,'2016-02-13 01:16:51','2016-02-13 01:16:51',NULL),(45,45,'4856','36626d613557333936363837',0,'2016-02-13 01:27:49','2016-02-13 01:27:49',NULL),(46,46,'8782','36626d62616d393439353638',0,'2016-02-13 01:31:13','2016-02-13 01:31:13',NULL),(47,47,'8102','36626d626834393337363335',0,'2016-02-13 01:38:56','2016-02-13 01:38:56',NULL),(48,48,'6058','36626d627a52343037323534',0,'2016-02-13 01:56:45','2016-02-13 01:56:45',NULL),(49,49,'5108','36626d624876353337363838',0,'2016-02-13 02:04:22','2016-02-13 02:04:22',NULL),(50,50,'1332','36626d624b47353836353833',0,'2016-02-13 02:07:33','2016-02-13 02:07:33',NULL),(51,51,'6530','36626d625362383231343538',0,'2016-02-13 02:15:02','2016-02-13 02:15:02',NULL),(52,52,'4586','36626d625578333339323337',0,'2016-02-13 02:17:24','2016-02-13 02:17:24',NULL),(53,53,'3452','36626d625773333132393336',0,'2016-02-13 02:19:19','2016-02-13 02:19:19',NULL),(54,54,'7385','36626d636134323034383630',0,'2016-02-13 02:31:56','2016-02-13 02:31:56',NULL),(55,55,'6864','36626d636457323433303138',0,'2016-02-13 02:34:49','2016-02-13 02:34:49',NULL),(56,56,'7777','36626d636746373135393539',0,'2016-02-13 02:37:32','2016-02-13 02:37:32',NULL),(57,57,'8105','36626d636953373230323431',0,'2016-02-13 02:39:45','2016-02-13 02:39:45',NULL),(58,58,'7584','36626d636c42383239313930',0,'2016-02-13 02:42:28','2016-02-13 02:42:28',NULL),(59,59,'6168','36626d636e46353131313335',0,'2016-02-13 02:44:32','2016-02-13 02:44:32',NULL),(60,60,'7909','36626d63724b373039363435',0,'2016-02-13 02:48:37','2016-02-13 02:48:37',NULL),(61,61,'8221','36626d637447353933343138',0,'2016-02-13 02:50:34','2016-02-13 02:50:34',NULL),(62,62,'6908','36626d637861393830333632',0,'2016-02-13 02:54:01','2016-02-13 02:54:01',NULL),(63,63,'2458','36626d637967363331363633',0,'2016-02-13 02:55:07','2016-02-13 02:55:07',NULL),(64,64,'9922','36626d634263363937373537',0,'2016-02-13 02:58:03','2016-02-13 02:58:03',NULL),(65,65,'3952','36626d634562343531373631',1,'2016-02-13 03:01:03','2016-02-13 03:06:01',NULL),(66,66,'2328','36626d634a36353936323637',0,'2016-02-13 03:06:58','2016-02-13 03:06:58',NULL),(67,67,'8926','36626d634c4b363434303837',0,'2016-02-13 03:08:37','2016-02-13 03:08:37',NULL),(68,68,'4883','36626d634e4d363835363035',1,'2016-02-13 03:10:39','2016-02-13 03:11:06',NULL),(69,69,'8729','36626d635573303034393036',1,'2016-02-13 03:17:19','2016-02-13 03:17:49',NULL),(70,70,'9419','36626d635742353933303630',1,'2016-02-13 03:19:29','2016-02-13 03:19:33',NULL),(71,71,'1595','36626d635961383933333532',1,'2016-02-13 03:21:02','2016-02-13 03:21:06',NULL),(72,72,'4801','36626d63336e363937323033',1,'2016-02-13 03:25:14','2016-02-13 03:25:19',NULL),(73,73,'9034','36626d633770333633313734',1,'2016-02-13 03:29:16','2016-02-13 03:29:20',NULL),(74,74,'2407','36626d646b58313336373134',0,'2016-02-13 03:41:50','2016-02-13 03:41:50',NULL),(75,75,'7525','36626d646f78373234383239',1,'2016-02-13 03:45:24','2016-02-13 03:45:36',NULL),(76,76,'5902','36626d647646313032383532',1,'2016-02-13 03:52:32','2016-02-13 03:52:38',NULL),(77,77,'2652','36626d64464f353031373130',0,'2016-02-13 04:02:41','2016-02-13 04:02:41',NULL),(78,78,'5631','36626d644a33343237323036',0,'2016-02-13 04:06:56','2016-02-13 04:06:56',NULL),(79,79,'5301','36626d645070313634383138',1,'2016-02-13 04:12:16','2016-02-13 04:19:28',NULL),(80,80,'2682','36626d645171333239343535',0,'2016-02-13 04:13:17','2016-02-13 04:13:17',NULL),(81,81,'7539','36626d645844353938383632',1,'2016-02-13 04:20:30','2016-02-13 04:20:40',NULL),(82,82,'2514','36626d6a5356343232333635',1,'2016-02-13 10:15:48','2016-02-13 10:15:55',NULL),(83,83,'5280','36626f6d6a64323835333938',1,'2016-02-15 12:40:04','2016-02-15 12:40:45',NULL),(84,84,'3495','36626f6f7154323237363634',1,'2016-02-15 14:47:46','2016-02-15 14:47:53',NULL),(85,85,'7043','366270724159303236363434',1,'2016-02-16 17:57:51','2016-02-16 17:58:03',NULL),(86,86,'4662','366271735468393636333436',1,'2016-02-17 19:16:08','2016-02-17 19:16:52',NULL),(87,87,'7857','366272766444373138363930',1,'2016-02-18 21:34:30','2016-02-18 21:36:33',NULL),(88,88,'4089','366275743461323631333830',1,'2016-02-21 20:26:01','2016-02-21 20:26:07',NULL),(89,89,'8097','366276704279303633343537',1,'2016-02-22 15:58:26','2016-02-22 15:58:38',NULL),(90,90,'4981','3662786c5644323539303438',1,'2016-02-24 12:18:31','2016-02-24 12:18:44',NULL),(91,91,'7542','366278715578363335303832',0,'2016-02-24 17:17:24','2016-02-24 17:17:24',NULL),(92,92,'2858','366278715655393237373532',1,'2016-02-24 17:18:48','2016-02-24 17:18:52',NULL),(93,93,'3371','36627872634e373430303434',0,'2016-02-24 17:33:40','2016-02-24 17:33:40',NULL),(94,94,'9953','366278726854353735323139',1,'2016-02-24 17:38:46','2016-02-24 17:38:55',NULL),(95,95,'6547','366278726c46353235393132',1,'2016-02-24 17:42:32','2016-02-24 17:42:37',NULL),(96,96,'8772','366279724d6b393434323635',1,'2016-02-25 18:09:12','2016-02-25 18:09:17',NULL),(97,97,'7722','366279724e73353830303530',1,'2016-02-25 18:10:19','2016-02-25 18:10:27',NULL),(98,98,'2150','36627a6b3261383737353234',1,'2016-02-26 11:24:01','2016-02-26 11:24:25',NULL),(99,99,'1691','36627a6c764d313434383730',1,'2016-02-26 11:52:40','2016-02-26 11:53:03',NULL),(100,100,'8793','36627a6c794e393534343331',1,'2016-02-26 11:55:40','2016-02-26 11:55:56',NULL),(101,101,'4428','36627a6c4848383334373439',1,'2016-02-26 12:04:34','2016-02-26 12:04:57',NULL),(102,102,'2532','36627a6c484e333530313639',0,'2016-02-26 12:04:40','2016-02-26 12:04:40',NULL),(103,103,'2723','36627a6c4943313037343232',0,'2016-02-26 12:05:29','2016-02-26 12:05:29',NULL),(104,104,'2875','36627a6c4a79363133393739',1,'2016-02-26 12:06:26','2016-02-26 12:06:40',NULL),(105,105,'4778','36627a734f4d353834383939',1,'2016-02-26 19:11:39','2016-02-26 19:11:44',NULL),(106,106,'4687','36627a765a58373036373931',1,'2016-02-26 22:22:50','2016-02-26 22:23:05',NULL),(107,107,'8702','36627a776d73383032333232',0,'2016-02-26 22:43:19','2016-02-26 22:43:19',NULL),(108,108,'8098','36627a776e48313136383437',1,'2016-02-26 22:44:34','2016-02-26 22:44:49',NULL),(109,109,'1743','36627a777636393535363637',1,'2016-02-26 22:52:59','2016-02-26 22:53:04',NULL),(110,110,'4320','36624171336c343332383333',1,'2016-02-27 17:25:12','2016-02-27 17:25:25',NULL),(111,111,'3172','366241726a78393035373031',1,'2016-02-27 17:40:24','2016-02-27 17:40:45',NULL),(112,112,'6744','366241744574323737393439',0,'2016-02-27 20:01:20','2016-02-27 20:01:20',NULL),(113,113,'7169','366241744870313531383138',0,'2016-02-27 20:04:16','2016-02-27 20:04:16',NULL),(114,114,'9451','366241745453323439383335',0,'2016-02-27 20:16:45','2016-02-27 20:16:45',NULL),(115,115,'8565','366241745671343536363431',0,'2016-02-27 20:18:17','2016-02-27 20:18:17',NULL),(116,116,'8302','366241745977343231333438',0,'2016-02-27 20:21:23','2016-02-27 20:21:23',NULL),(117,117,'1034','366241743461353331383736',0,'2016-02-27 20:26:01','2016-02-27 20:26:01',NULL),(118,118,'9072','366241743558353034363433',1,'2016-02-27 20:27:51','2016-02-27 20:28:04',NULL),(119,119,'6200','36624175714e363236373931',1,'2016-02-27 20:47:40','2016-02-27 20:47:44',NULL),(120,120,'9262','3662426e544e303630383133',1,'2016-02-28 14:16:40','2016-02-28 14:16:45',NULL),(121,121,'4707','366242707867303837313930',1,'2016-02-28 15:54:07','2016-02-28 15:54:13',NULL),(122,122,'7411','366242713733363238353530',1,'2016-02-28 17:29:55','2016-02-28 17:30:37',NULL),(123,123,'7403','366242734f63343435303031',1,'2016-02-28 19:11:03','2016-02-28 19:11:09',NULL),(124,124,'5784','366242735051303538373530',1,'2016-02-28 19:12:44','2016-02-28 19:12:59',NULL),(125,125,'5963','366242756f6f373533363336',1,'2016-02-28 20:45:15','2016-02-28 20:45:20',NULL),(126,126,'7175','366242757a58373139313030',1,'2016-02-28 20:56:50','2016-02-28 20:57:02',NULL),(127,127,'3705','366242754630323232343233',1,'2016-02-28 21:02:00','2016-02-28 21:02:30',NULL),(128,128,'8816','36624276464a323332373431',1,'2016-02-28 22:02:36','2016-02-28 22:02:56',NULL),(129,129,'1989','366243616859363138343434',1,'2016-02-29 00:38:51','2016-02-29 00:39:25',NULL),(130,130,'4040','366243616e56303234303331',1,'2016-02-29 00:44:48','2016-02-29 00:44:56',NULL),(131,131,'4119','3662436a334b373939363135',1,'2016-02-29 10:25:37','2016-02-29 10:25:57',NULL),(132,132,'6400','3662436b4155313634323132',1,'2016-02-29 10:57:47','2016-02-29 10:58:31',NULL),(133,133,'8258','3662436c6537373334303338',1,'2016-02-29 11:35:59','2016-02-29 11:36:08',NULL),(134,134,'6903','3662436c6735313830383834',1,'2016-02-29 11:37:58','2016-02-29 11:38:05',NULL),(135,135,'9210','366243706953343630383537',0,'2016-02-29 15:39:45','2016-02-29 15:39:45',NULL),(136,136,'3962','366243765a6b363932383331',1,'2016-02-29 22:22:11','2016-02-29 22:22:24',NULL),(137,137,'5327','36624377486d313735383037',1,'2016-02-29 23:04:13','2016-02-29 23:04:28',NULL),(138,138,'2914','366361614264393939303834',1,'2016-03-01 00:58:04','2016-03-01 00:58:15',NULL),(139,139,'6116','36636161506a353138373537',1,'2016-03-01 01:12:10','2016-03-01 01:12:21',NULL),(140,140,'8416','36636169366a343932363431',1,'2016-03-01 09:28:10','2016-03-01 09:28:22',NULL),(141,141,'4400','3663616e6635383732333938',1,'2016-03-01 13:36:57','2016-03-01 13:37:04',NULL),(142,142,'1896','3663616e6d47313230373633',1,'2016-03-01 13:43:33','2016-03-01 13:43:53',NULL),(143,143,'9235','366361744f65353834333235',1,'2016-03-01 20:11:05','2016-03-01 20:11:19',NULL),(144,144,'2284','366362304743353937333837',1,'2016-03-02 00:03:29','2016-03-02 00:03:36',NULL),(145,145,'5325','366363724c50363238393139',0,'2016-03-03 18:08:43','2016-03-03 18:08:43',NULL),(146,146,'8013','366363724d59313639363738',0,'2016-03-03 18:09:52','2016-03-03 18:09:52',NULL),(147,147,'2692','366363724e44393134393038',0,'2016-03-03 18:10:30','2016-03-03 18:10:30',NULL),(148,148,'5690','366363725347383238353833',0,'2016-03-03 18:15:33','2016-03-03 18:15:33',NULL),(149,149,'4746','36636372544f333337313530',0,'2016-03-03 18:16:41','2016-03-03 18:16:41',NULL),(150,150,'2129','36636372316a333632323239',0,'2016-03-03 18:23:11','2016-03-03 18:23:11',NULL),(151,151,'4689','366363723273333434343038',1,'2016-03-03 18:24:19','2016-03-03 18:24:36',NULL),(152,152,'6493','366363735677303632323438',0,'2016-03-03 19:18:23','2016-03-03 19:18:23',NULL),(153,153,'4849','3663646f6c57383332373932',1,'2016-03-04 14:42:49','2016-03-04 14:42:51',NULL),(154,154,'3612','366365775453353031323330',1,'2016-03-05 23:16:45','2016-03-05 23:16:53',NULL),(155,155,'2272','36636671436f313032353434',1,'2016-03-06 16:59:15','2016-03-06 16:59:22',NULL),(156,156,'9313','366366747067333936343734',1,'2016-03-07 01:16:07','2016-03-07 01:16:24',NULL),(157,157,'4360','366366744967323533323830',1,'2016-03-07 01:35:07','2016-03-07 01:36:33',NULL),(158,158,'6257','3663686e4967333630353639',0,'2016-03-08 19:35:07','2016-03-08 19:35:07',NULL),(159,159,'4472','3663696e4c33333636343237',1,'2016-03-09 19:38:55','2016-03-09 19:39:03',NULL),(160,160,'9320','36636a306d56353931383535',0,'2016-03-10 05:13:48','2016-03-10 05:13:48',NULL),(161,161,'1794','36636a733252353538303232',0,'2016-03-11 00:54:44','2016-03-11 00:54:44',NULL),(162,162,'8515','36636a733552383539303030',1,'2016-03-11 00:57:44','2016-03-11 00:57:57',NULL),(163,163,'3786','36636b626b6a363530333031',0,'2016-03-11 07:11:10','2016-03-11 07:11:10',NULL),(164,164,'4601','36636b626e74313937393137',0,'2016-03-11 07:14:20','2016-03-11 07:14:20',NULL),(165,165,'7188','36636c736a30333138363232',1,'2016-03-13 00:10:00','2016-03-13 00:10:06',NULL),(166,166,'5457','36636c747435383430313137',1,'2016-03-13 01:20:57','2016-03-13 01:21:03',NULL),(167,167,'6012','36636d703766333230383835',1,'2016-03-13 20:59:06','2016-03-13 20:59:11',NULL),(168,168,'6875','36636d716359333830373733',1,'2016-03-13 21:03:51','2016-03-13 21:04:09',NULL),(169,169,'2699','36636d717834393433363532',1,'2016-03-13 21:24:57','2016-03-13 21:25:03',NULL),(170,170,'3796','36636d747045313930383430',1,'2016-03-14 00:16:31','2016-03-14 00:18:24',NULL),(171,171,'9438','36636d74734c333938353131',1,'2016-03-14 00:19:38','2016-03-14 00:19:44',NULL),(172,172,'9849','36636d747743383938333530',1,'2016-03-14 00:23:29','2016-03-14 00:23:49',NULL),(173,173,'8733','36636d744a33343431353238',1,'2016-03-14 00:36:55','2016-03-14 00:36:59',NULL),(175,175,'5843','36636e6f6844323639303139',1,'2016-03-14 19:08:30','2016-03-14 19:08:52',NULL),(176,176,'5986','36636e6f6e65353631383535',1,'2016-03-14 19:14:05','2016-03-14 19:14:30',NULL),(177,177,'1857','36636e724f79393138323630',1,'2016-03-14 22:41:25','2016-03-14 22:41:38',NULL),(178,178,'5294','36636e735045373638363432',1,'2016-03-14 23:42:31','2016-03-14 23:42:37',NULL),(179,179,'8507','36636f6b4f55373439383430',1,'2016-03-15 15:41:47','2016-03-15 15:41:56',NULL),(180,180,'9883','36636f6b5558393831393630',1,'2016-03-15 15:47:50','2016-03-15 15:48:11',NULL),(181,181,'4594','366370727056363436353231',1,'2016-03-16 22:16:49','2016-03-16 22:17:17',NULL),(182,182,'3753','366371705641353735353235',0,'2016-03-17 20:48:27','2016-03-17 20:48:27',NULL),(183,183,'6892','366371705741363233353837',0,'2016-03-17 20:49:27','2016-03-17 20:49:27',NULL),(184,184,'3316','366371716548313131303735',1,'2016-03-17 21:05:35','2016-03-17 21:06:09',NULL),(185,185,'6976','366371767475373831333733',1,'2016-03-18 02:20:21','2016-03-18 02:20:28',NULL),(186,186,'1610','3663726f6b41333030303435',1,'2016-03-18 19:11:27','2016-03-18 19:11:41',NULL),(187,187,'9750','3663726f3452383930383035',1,'2016-03-18 19:56:45','2016-03-18 19:57:08',NULL),(188,188,'6229','36637270564d373737323339',0,'2016-03-18 20:48:39','2016-03-18 20:48:39',NULL),(189,189,'4552','366372705a75353539393936',1,'2016-03-18 20:52:22','2016-03-18 20:52:39',NULL),(190,190,'9858','366372717068343934333739',1,'2016-03-18 21:16:08','2016-03-18 21:16:34',NULL),(191,191,'8956','366374714b50343539323039',1,'2016-03-20 21:37:42','2016-03-27 23:19:04',NULL),(192,192,'3387','3663756e6e71383535393130',1,'2016-03-21 18:14:17','2016-03-21 18:14:28',NULL),(193,193,'9348','366376724c70323033373331',0,'2016-03-22 22:38:16','2016-03-22 22:38:16',NULL),(194,194,'4458','366376724d71343834393938',0,'2016-03-22 22:39:17','2016-03-22 22:39:17',NULL),(195,195,'1955','366376736542313630343230',0,'2016-03-22 23:05:28','2016-03-22 23:05:28',NULL),(196,196,'8424','366376736858333131383933',0,'2016-03-22 23:08:50','2016-03-22 23:08:50',NULL),(197,197,'9383','366376736a6b333234323531',0,'2016-03-22 23:10:11','2016-03-22 23:10:11',NULL),(198,198,'6132','366376736a59383138343436',0,'2016-03-22 23:10:51','2016-03-22 23:10:51',NULL),(199,199,'7952','366376736c4f353730373535',0,'2016-03-22 23:12:41','2016-03-22 23:12:41',NULL),(200,200,'1550','366376736f4a323333333032',0,'2016-03-22 23:15:36','2016-03-22 23:15:36',NULL),(201,201,'3275','366376735a4c383930353233',0,'2016-03-22 23:52:38','2016-03-22 23:52:38',NULL),(202,202,'3776','366376735a4d303032333730',0,'2016-03-22 23:52:39','2016-03-22 23:52:39',NULL),(203,203,'1126','366376733233323031363338',1,'2016-03-22 23:54:55','2016-03-22 23:55:09',NULL),(204,204,'7719','366376746347333031363138',1,'2016-03-23 00:03:33','2016-03-23 00:04:04',NULL),(205,205,'3227','366376746947393031353034',1,'2016-03-23 00:09:33','2016-03-23 00:09:46',NULL),(206,206,'8429','366376746a32373032373636',1,'2016-03-23 00:10:54','2016-03-23 00:11:05',NULL),(207,207,'7754','3663776f786c323038303034',1,'2016-03-23 19:24:12','2016-03-23 19:24:29',NULL),(208,208,'2945','366377725474333134383435',1,'2016-03-23 22:46:20','2016-03-23 22:46:36',NULL),(209,209,'5263','366377754f78303135303538',1,'2016-03-24 01:41:24','2016-03-24 01:41:44',NULL),(210,210,'8428','3663786d4147353331323633',1,'2016-03-24 17:27:33','2016-03-24 17:27:50',NULL),(211,211,'9172','366341737635373638373533',1,'2016-03-27 23:22:57','2016-03-27 23:23:09',NULL),(212,212,'8676','366341737953313233333633',0,'2016-03-27 23:25:45','2016-03-27 23:25:45',NULL),(213,213,'3203','366341734144313331363239',1,'2016-03-27 23:27:31','2016-03-27 23:27:42',NULL),(214,214,'5841','366341734344363837343632',1,'2016-03-27 23:29:30','2016-03-27 23:30:06',NULL),(215,215,'2639','366341735742303733363939',0,'2016-03-27 23:49:28','2016-03-27 23:49:28',NULL),(216,216,'2155','366341735874313734333930',1,'2016-03-27 23:50:21','2016-03-27 23:50:32',NULL),(217,217,'3966','36634173597a393732333137',1,'2016-03-27 23:51:26','2016-03-27 23:51:55',NULL),(218,218,'1459','36634174304e343338313730',0,'2016-03-28 00:00:40','2016-03-28 00:00:40',NULL),(219,219,'6523','366341746176373435323034',0,'2016-03-28 00:01:22','2016-03-28 00:01:22',NULL),(220,220,'3134','366341746158303730303835',1,'2016-03-28 00:01:51','2016-03-28 00:02:02',NULL),(221,221,'4003','366341746b6a333433303838',1,'2016-03-28 00:11:10','2016-03-28 00:11:21',NULL),(222,222,'5250','366341747262343330393533',1,'2016-03-28 00:18:02','2016-03-28 00:18:16',NULL),(223,223,'6686','366342705467313934323735',1,'2016-03-28 20:46:07','2016-03-28 20:46:26',NULL),(224,224,'4812','366461715231323533393533',1,'2016-04-01 21:44:53','2016-04-01 21:45:07',NULL),(225,225,'9710','366462694273303630323633',1,'2016-04-02 13:28:19','2016-04-02 13:28:38',NULL),(226,226,'2744','3664626a3058313432353937',1,'2016-04-02 14:00:51','2016-04-02 14:01:02',NULL),(227,227,'5786','3664626d744a363135343838',1,'2016-04-02 17:20:36','2016-04-02 17:20:59',NULL),(228,228,'9596','366462717846353832373133',1,'2016-04-02 21:24:32','2016-04-02 21:24:53',NULL),(229,229,'5674','36646276646e373037363739',0,'2016-04-03 02:04:14','2016-04-03 02:04:14',NULL),(230,230,'4827','366462766543343033393031',0,'2016-04-03 02:05:29','2016-04-03 02:05:29',NULL),(231,231,'3373','366462766a78333632323831',0,'2016-04-03 02:10:24','2016-04-03 02:10:24',NULL),(232,232,'1087','36646276714a363732343230',0,'2016-04-03 02:17:36','2016-04-03 02:17:36',NULL),(233,233,'8905','366462764159363838363931',1,'2016-04-03 02:27:51','2016-04-03 02:28:06',NULL),(234,234,'7750','366462763566303730363133',1,'2016-04-03 02:57:06','2016-04-03 02:57:14',NULL),(235,235,'1980','366463706569353239343137',1,'2016-04-03 20:05:09','2016-04-03 20:05:28',NULL),(236,236,'5713','366463745937313835323834',1,'2016-04-04 00:51:59','2016-04-04 00:52:05',NULL),(237,237,'1386','3664646d774a313332353331',1,'2016-04-04 17:23:36','2016-04-04 17:23:48',NULL),(238,238,'8940','3664646e3071303430303037',1,'2016-04-04 18:00:17','2016-04-04 18:00:44',NULL);
/*!40000 ALTER TABLE `user_sms_code` ENABLE KEYS */;
UNLOCK TABLES;

--
-- Table structure for table `users`
--

DROP TABLE IF EXISTS `users`;
/*!40101 SET @saved_cs_client     = @@character_set_client */;
/*!40101 SET character_set_client = utf8 */;
CREATE TABLE `users` (
  `id` int(10) unsigned NOT NULL AUTO_INCREMENT,
  `name` varchar(255) COLLATE utf8_unicode_ci NOT NULL,
  `email` varchar(255) COLLATE utf8_unicode_ci NOT NULL,
  `password` varchar(60) COLLATE utf8_unicode_ci DEFAULT NULL,
  `mobile` varchar(10) COLLATE utf8_unicode_ci DEFAULT NULL,
  `profileImg` varchar(200) COLLATE utf8_unicode_ci NOT NULL DEFAULT 'default.jpg',
  `status` tinyint(1) NOT NULL DEFAULT '1',
  `remember_token` varchar(100) COLLATE utf8_unicode_ci DEFAULT NULL,
  `created_at` timestamp NOT NULL DEFAULT '0000-00-00 00:00:00',
  `updated_at` timestamp NOT NULL DEFAULT '0000-00-00 00:00:00',
  PRIMARY KEY (`id`),
  UNIQUE KEY `users_email_unique` (`email`)
) ENGINE=InnoDB AUTO_INCREMENT=148 DEFAULT CHARSET=utf8 COLLATE=utf8_unicode_ci;
/*!40101 SET character_set_client = @saved_cs_client */;

--
-- Dumping data for table `users`
--

LOCK TABLES `users` WRITE;
/*!40000 ALTER TABLE `users` DISABLE KEYS */;
INSERT INTO `users` VALUES (2,'Mr. Doyle Romaguera','Bins.Leonie@Maggio.com','$2y$10$w/bLkfkMsVUNbhISm5yssO3QqQLN81RMFukGAuMMm41dbmyASBEBW','+66(2)1570','default.jpg',1,'5w9f8uad2c','2016-02-10 01:05:29','2016-02-10 01:05:29'),(3,'Kellie Barton','Vance79@hotmail.com','$2y$10$EE.kd31mkWLocidKjONv.u1vduMf58la1y2EDw8m8mG4RmCKevUM.','117-714-87','default.jpg',1,'RobGqyxzQQ','2016-02-10 01:05:29','2016-02-10 01:05:29'),(4,'Larissa Vandervort','Kuvalis.Devon@Gislason.org','$2y$10$4h.3Zgzgky5M2xxGOY4OjuUk3irpx0r8MYyDbNvZKh12U2N9sBpdy','1-077-218-','default.jpg',1,'uzwMVzNB5I','2016-02-10 01:05:29','2016-02-10 01:05:29'),(5,'Miss Georgette Haag','Vicky.Murray@gmail.com','$2y$10$GrDI5BOCsJPfXajI32EgxuxefaoSSqDoQANg/lm4MgGEHc3./kkZa','1-006-790-','default.jpg',1,'lJUtaXjTct','2016-02-10 01:05:29','2016-02-10 01:05:29'),(6,'Libbie Turcotte Jr.','Keshaun77@Haag.net','$2y$10$VuQf.zK16fP8ySLQVsonrOy3V0rFEXjMG8z.4AsPzE7Ct2PPaJva.','+65(0)9331','default.jpg',1,'8L8NscDbn2','2016-02-10 01:05:29','2016-02-10 01:05:29'),(7,'Gerardo Graham III','Estelle42@yahoo.com','$2y$10$ncxPxl7YZkeQ0Asz4gQQTeYHRZN2L8k4IP3u.epA4Vcwa5arVdJLC','(610)364-2','default.jpg',1,'Z0rnHXHV4a','2016-02-10 01:05:29','2016-02-10 01:05:29'),(8,'Elwyn Gislason','Dare.Selina@Nienow.com','$2y$10$nYVUwlb92wQxw8mx4z2WFuiyLIA9M8/XRMX7fof5690pp8aNmcjHa','057-157-26','default.jpg',1,'l1takZGAXQ','2016-02-10 01:05:29','2016-02-10 01:05:29'),(9,'Rubie Eichmann','Leonora05@Johnson.biz','$2y$10$IIIowOhkuAW7LYEceuxM6uOopvVPvSvM/mAQhokWbx7WS5WuTYIY6','(942)089-7','default.jpg',1,'TvsR8AnMxp','2016-02-10 01:05:29','2016-02-10 01:05:29'),(11,'Hazle Quigley','Kiehn.Tremaine@Douglas.com','$2y$10$op.QdX13O0Ed4joadJfXPORt5c082MsJl56u3rzMM3P5ZF5UdQj/y','271.641.15','default.jpg',1,'v56gmZdGlG','2016-02-10 01:05:30','2016-02-10 01:05:30'),(12,'Mrs. Margret VonRueden','Fiona.Brakus@Funk.com','$2y$10$X.YaxQCaOMRRIbQy5Q9LG.cq9URA6W47ZaCgt3H6Ivz1ZHn6MPEva','1-415-755-','default.jpg',1,'QbjxZOEV8r','2016-02-10 01:05:30','2016-02-10 01:05:30'),(13,'Matt Sauer','Ebert.Daphnee@hotmail.com','$2y$10$SMYI1DeZU1VwJh4m4AH5Me2PGVhm4dV7CGgv7KeEaEWeKxG37ueIW','(251)212-8','default.jpg',1,'lWe3mCkX2y','2016-02-10 01:05:30','2016-02-10 01:05:30'),(14,'Joe Kutch PhD','Joelle.Wuckert@Rowe.org','$2y$10$EJhGRNbj2O1WmB62ybgtuefAUFv0VAhqp9gZySWYNs8mJt/jqrZ2S','554.564.29','default.jpg',1,'0pES6rhPnR','2016-02-10 01:05:30','2016-02-10 01:05:30'),(15,'Mrs. Anissa Jacobi','aWintheiser@yahoo.com','$2y$10$BSj7MIBx7/Y8JfVC9KUrM.X.pBSJRBnMu7WJ3ZzLhtZPiQ3LzqtQG','081-971-94','default.jpg',1,'WHkQfdzOX2','2016-02-10 01:05:30','2016-02-10 01:05:30'),(16,'Mrs. Elsa Gibson','Amely51@Bernier.biz','$2y$10$fkM5hY1.30/AB6pRsuPcMOAx.n58/6A8gY29bivWAYNTFWYKKsrK6','436.362.51','default.jpg',1,'ReJGUjzqZX','2016-02-10 01:05:30','2016-02-10 01:05:30'),(17,'Tanya Koch','mPredovic@Cremin.net','$2y$10$da3OjMazLQn9PrA/wErYyeor.cXqinpuHwAIXWr55DqhujpejQA8S','1-845-403-','default.jpg',1,'vu68pf0Uyq','2016-02-10 01:05:30','2016-02-10 01:05:30'),(18,'Kiana Frami','Carroll.Maximillia@gmail.com','$2y$10$7uomseMZ/6Jyiv/ZZX6qs.vwVs1s2a3x7xjtLI.aDqL52R7iejEsW','758-747-74','default.jpg',1,'9yun0647Uz','2016-02-10 01:05:30','2016-02-10 01:05:30'),(19,'Winfield Effertz','Lehner.Mustafa@Osinski.info','$2y$10$x5zO33jeHtJ/fjika8kMJ.YUxd.iVAuxX437JnVIppktgm1jGX522','0078236253','default.jpg',1,'0iPpiOUwiu','2016-02-10 01:05:30','2016-02-10 01:05:30'),(20,'Marlon Braun','Ortiz.Horacio@gmail.com','$2y$10$gbc8FVqqoMVpPRVyLqnz4OGX7IKVcx6Qn4emn9/vpEwtT4Qtdl/1K','1-997-662-','default.jpg',1,'nvZ5KfKU7B','2016-02-10 01:05:30','2016-02-10 01:05:30'),(21,'Kaching Super Admin','admin@kaching.com','$2y$10$Lvv3rNANcDoP2w2P1aoW8O.B5sa5n6pHyzGKpBRiYBezttAOPXDxW','7799637741','default.jpg',1,'Rty0SVMqFfLXsHDEaCmSD7P5Mfs9BtHQYPskS78R35zIwGPwb0jU7V9fLJtL','0000-00-00 00:00:00','2016-04-01 04:45:07'),(22,'nasjkdnas','maskjdnajk@yahoo.in','$2y$10$NbOcewlEaSlXgu..PJQWyOHBtZcYzXIRZDIjlogKZeqaTA7rbpiOG','1236549870','default.jpg',1,NULL,'2016-02-10 01:22:06','2016-02-28 15:48:10'),(23,'test','m@gmail.com','$2y$10$gXoPtXd6lMAWUUZ1WrMpzeM1cVhUfnHRCzxB.M5RrmhKxBbQdPU52','1234567890','default.jpg',1,NULL,'2016-02-10 11:42:43','2016-02-10 17:36:21'),(24,'anand','anand@cloudfoyo.com','$2y$10$s4CUEfUwdoaKWbD.8SHibO5fy8rsC2t7K9IIdJ1lUkTfNAG4fD6W6','8281128809','default.jpg',1,NULL,'2016-02-10 17:25:21','2016-02-10 17:25:21'),(25,'demo','d@gmail.com','$2y$10$3hsTmcwjyjDiRVjEq7YQQONmbVkVuiD/A96tcG3/WZzy48apyBlbS','1234567890','default.jpg',1,NULL,'2016-02-10 17:54:12','2016-02-10 18:15:40'),(26,'Ajay','aj@gmail.com','$2y$10$yt0LN6SeoXx2Dr10yIMEFu6pETjo6iV8rcLBHEiiicpQrmnumDu/i','1234567890','default.jpg',1,NULL,'2016-02-10 18:16:21','2016-02-10 23:43:08'),(27,'dnjssdk','nsjdsjd@gmail.com','$2y$10$eDMvSVCBykAszOMtiFMMZ.k9sGptPFTir6PRritB5TDVeDVPW4rVW','1234587981','default.jpg',1,NULL,'2016-02-10 18:50:54','2016-02-26 11:32:08'),(28,'sangeet','san2142d9@gmail.com','$2y$10$LPswVT.KaMWdL/M26XQYQ..YF1gxUlSYmiL57/Mt9uB.o2tDXQNh2','8547429950','default.jpg',1,NULL,'2016-02-10 19:45:47','2016-02-11 09:37:24'),(29,'Krishna Android','krishna06@gmailsss.com','$2y$10$SbkzxL97rzgW3rH8u1mSPOjlse/WttyCUxq2ppxCrezIGeZfai8gS','2222233333','default.jpg',1,NULL,'2016-02-10 20:31:51','2016-02-29 11:32:48'),(30,'Suraj Pande','jk2007@gmail.com','$2y$10$mYwl3Nf7oDLt7FCNBItZteLekGl3XFcK7pncfkRNCigw1SmffATCq','1212122222','default.jpg',1,NULL,'2016-02-10 20:52:31','2016-02-27 13:58:03'),(31,'jsduifn','msajnda@gmail.com','$2y$10$ICJdx6HNVq1pZPd/PsxOrORqcX1z4SwIX1n/XgXb13IX.5dN5mGna','3256325621','default.jpg',1,NULL,'2016-02-10 21:37:03','2016-02-28 15:48:58'),(32,'abhilash','a@g.com','$2y$10$gvInSEwGa6h6zvNs7OJCie.RA8KrTv/Gbg/8GzcKxvuYOItATT55y','8500024755','default.jpg',1,'u1XHsBj83Pk0BRsWOIg9vD3MB97TYw3UORjufHkDtNuEfwzRGQoWbHOfyADO','2016-02-10 22:08:36','2016-03-07 01:34:51'),(33,'kk moo','test@test.com','$2y$10$GO6gZCeTyxS232fmgt44du1VNcaqqunD3R97fwkqu1CghXFycluzK','9791497976','default.jpg',1,'DucPFEH3rdlGVJJ6WaBLbBQt6q0JcuERpZIbzNuVnMdO86Hh1N7tou9MziDh','2016-02-10 22:11:09','2016-03-15 00:31:50'),(34,'sangeet','san2142kj49@gmail.com','$2y$10$CjgQhWZ.lySCb1OnGCXsfOVpPgJTxCud776a1qIp/qWOPm3gJSoY6','8547421888','default.jpg',1,NULL,'2016-02-11 09:57:40','2016-02-11 10:13:40'),(35,'sangeet','san214qq@gmail.com','$2y$10$l/Esev3pNhsZ2BUIl17MyOI24WvdOTaNsHt8ZWrYg6r0eR2kNghwK','9809305551','default.jpg',1,NULL,'2016-02-11 10:15:13','2016-02-15 12:21:39'),(36,'sangeet','shh@gmail.com','$2y$10$TbhINef9.Nh4UAuDnSue1O5P9GJM5nlsh5SwAnKV3vK8hitK4tIX2','8547421550','default.jpg',1,NULL,'2016-02-11 12:09:15','2016-02-11 12:12:57'),(37,'sangeet','sdf@gmail.com','$2y$10$FavZcfVGhlvwWvyjtFWnnuWevpSVo8gQYHqsrOA6oqqh7N5BxVBMe','8547427750','default.jpg',1,NULL,'2016-02-11 12:13:35','2016-02-15 12:40:00'),(38,'KKKKK','t@t.com','$2y$10$PrqUaeACMuzpzk/8yV6NFu1DcRyVfznr4eVCsGCDC2MH.UloJklaa','8888888888','default.jpg',1,NULL,'2016-02-11 12:30:55','2016-02-15 13:59:56'),(39,'ok ','k@k.com','$2y$10$GNeCVpSEhp9HwkJ/70Tf0umAfEACQlFXVJlV/ERdyhl7I4H1jzq4C','9791945636','default.jpg',1,NULL,'2016-02-11 14:50:13','2016-02-11 14:50:13'),(40,'sjdas','nsdjkdsjkfs@gmajd.com','$2y$10$mNa9mqYaTAAJBlfgsLIiBezPa2dexSZgjTR.h9Ag98VWVr5DDg./i','1234567890','default.jpg',1,NULL,'2016-02-12 10:45:12','2016-02-26 11:31:40'),(41,'ssg','shivshankarganesh1997@gmail.com','$2y$10$hFD5T7kZq.Gt57hddZyPC.ZuH0mr5HAiOsyDdRbmaKltKnzoQ0ISy','7358295419','default.jpg',1,NULL,'2016-02-12 18:28:25','2016-03-01 09:55:34'),(42,'est','test@t.com','$2y$10$ZKtpcvcfwBsGi.q4QS1OiegV5I/A0BMVRv6cITfCxRA/Pmkr24gDy','9884846585','default.jpg',1,NULL,'2016-02-12 21:53:13','2016-02-12 21:53:13'),(43,'nsjds','abnsdhasd@gmail.com','$2y$10$BnyolUeuY74rUk1e/mUZcO/mhQtUNDxuBfkPXXD3rZMlRi9lsWOli','1234569870','default.jpg',1,NULL,'2016-02-12 23:35:21','2016-02-26 11:34:01'),(44,'d','ml@gmail.com','$2y$10$WEz8aX5OjmG8evB9cMJUaOKYN7R2dKzKiL0/.7wA.UkSqU4.0wc0K','1234567890','default.jpg',1,NULL,'2016-02-12 23:49:31','2016-02-13 01:08:26'),(45,'Ml','ma@gmail.com','$2y$10$4vvWL2Kq6VK.8ml3F0hEsOnmlGANGSH84DzP.oxSi8QkFiCxQaMbS','9033457893','default.jpg',1,NULL,'2016-02-13 03:21:07','2016-02-13 03:24:06'),(46,'Ma','maitrel@gmail.com','$2y$10$Hd5X6kKcYej0xMEBAvHV/uMIZ.r97gM326isTfGibMWoK9piq8aG2','9033465794','default.jpg',1,NULL,'2016-02-13 03:25:20','2016-02-13 03:28:18'),(47,'Mael','mait.patel@gmail.com','$2y$10$NepbnUmSUHZ.McFDuDDTIOIe1Hn7FwQvhwm.hr1KmEOX5j7zba.sW','9033465798','default.jpg',1,NULL,'2016-02-13 03:29:20','2016-02-13 03:37:23'),(48,'Mel','maitri1l@gmail.com','$2y$10$r.aRCy9Kj5iwUHqNbun1o.aMS/RLqiQjWxJ8UUOuhUDaTLwwsT.TG','9033465797','default.jpg',1,NULL,'2016-02-13 03:45:36','2016-02-13 03:47:08'),(49,'Ma=tel','mai.patel@gmail.com','$2y$10$DyRDkmTvy.YdhR.raWCbWe7jtVEF593LICTXvwM8AwzM6b1Q27b1i','9033465798','default.jpg',1,NULL,'2016-02-13 03:52:39','2016-02-13 03:57:45'),(50,'Mael','maitpatel@gmail.com','$2y$10$naew1o.Zo8lkwXKlBbNc5OipHQ/uniVti/HCNM/bAa/6v077O2o3W','9033465748','default.jpg',1,NULL,'2016-02-13 04:20:41','2016-02-24 17:14:16'),(51,'Siddhaarth','sidmadabushi@gmail.com','$2y$10$XO4LudP5bnHnPsMng09FQexkLPdNndjJlnCFJ7ysNkvr1Bwr/iRJq','9176999900','default.jpg',1,'As8QhsIzZSj7hlBoVLACVMyBhhrB0quLgTeZEGtVPIE7tVsGmS3HvKpEu6CK','2016-02-13 10:15:55','2016-03-10 16:46:44'),(52,'sangeet','san21429fdfdf@gmail.com','$2y$10$bxmfds6.uZAB45k3Zk.r3etWyO4QwX1dcACv86mvu1naQrA1ucCiW','8547427854','default.jpg',1,NULL,'2016-02-15 12:40:45','2016-02-24 11:54:25'),(53,'test','haha@haha.com','$2y$10$aMPFNTWg6O1o7ZMa/f5vrO8nisHwNEA6jOD3TlVje2oSYTRrP83ym','9791497900','default.jpg',1,NULL,'2016-02-15 14:47:54','2016-02-25 18:08:52'),(54,'Kanishk Vishwanathan ','kanishk.vishwanathan@gmail.com','$2y$10$IBEypmGxGV5sC5fDZtjBW.aRSNjrl5s7.bOE/bCS9hXQWd2l7u7aq','9790991544','default.jpg',1,NULL,'2016-02-18 21:36:34','2016-02-18 21:36:34'),(55,'test','test@g.com','$2y$10$Vq.bKpmPLmu71KB5RZ7iveLs9jNxOpJdCYx7FlWNKzhXPnBAKxBDi','8686026122','default.jpg',1,'nNgeXIBfJgEtmerGywndKgBKemiP4OQ30GmN4W569Zfz1BQeLcPBoFyUadad','2016-02-19 14:07:13','2016-02-19 14:07:30'),(56,'amresh','ami8oo7@gmail.com','$2y$10$oxKzKLp.wVFDZ6gsUaCJw.onjYJwZkZu5A5Sw39lToH8JABGnQitK','9176172998','default.jpg',1,NULL,'2016-02-21 20:26:08','2016-02-21 20:26:08'),(57,'benzz park','fom@benzzpark.com','$2y$10$/eTNTadoehB8hoNriRO6CO4WCoqzMFYzZKhSDf5IUn9FhYfXwQewq','9600020004','default.jpg',1,NULL,'2016-02-22 15:58:39','2016-02-22 15:58:39'),(58,'sangeet','san2142gg9@gmail.com','$2y$10$GDEbru4jLtNGisg.Pp0nJepTD.EWQbP85QdY06Nez.gNUddlarHwO','8547421877','default.jpg',1,NULL,'2016-02-24 12:18:45','2016-02-29 00:35:39'),(59,'Patel','maittel@gmail.com','$2y$10$bAaRhl9sSZiVlNTMfV4aze92YgXxOEDQ6tQpHfa8JVCtzxbIf8dzm','9033465748','default.jpg',1,NULL,'2016-02-24 17:38:56','2016-02-24 17:39:58'),(60,'Mael','mapatel@gmail.com','$2y$10$XXwo5c2A7p9QxE4o/pXk0.epP392Eu4sTGEozmS5hLuH2afAs9PqS','9033465778','default.jpg',1,NULL,'2016-02-24 17:42:38','2016-02-27 19:21:01'),(61,'L','ll@ll.com','$2y$10$pDoRGq3nK7QgEpwTTUgJNewV/lgJmSj20PcsxfEvZfLqpufu/Kwea','1111111111','default.jpg',1,NULL,'2016-02-25 18:09:18','2016-02-25 18:09:55'),(62,'Krishna Shop','krishna@krishna.com','$2y$10$Q6sYBOd3Nh1141AL0pBFSO0jGYEE4U/g0Cs1YNNInBONjCw/2JOoy','1222233333','default.jpg',1,NULL,'2016-02-25 18:10:28','2016-02-29 11:34:15'),(63,'as jha','ansdjka@ymail.com','$2y$10$wh2norwj8yzKoJDNE08.Y.WUyGowKbG1cWP3F0j5bWaiKrJi1SzGq','9876543210','default.jpg',1,NULL,'2016-02-26 11:53:04','2016-02-26 11:54:49'),(64,'asdas','asdsa@ymail.com','$2y$10$gycolHW/MdbypZ3.IXi2wejwTUxbnG8LohEr35ZNNez6pjvQ5EJsC','1234569875','default.jpg',1,NULL,'2016-02-26 11:55:57','2016-02-26 22:41:49'),(65,'sandkjsa','sadsa@gmail.com','$2y$10$ZYZMmhfiWz0KqRxKb1l9euDvRDNm4nDZ7ky1Ha3cjRiONWRXeqJw6','1236549870','default.jpg',1,NULL,'2016-02-26 12:06:41','2016-02-26 22:42:13'),(66,'V2 Eatout','ganesh@voicesnap.net','$2y$10$MyjrslKG33u08QGr/ObDYO2cfAXru.ZLdUz2RJBwwV8jK02uE3Q16','9840465375','default.jpg',1,NULL,'2016-02-26 19:11:44','2016-02-26 19:11:44'),(67,'abhinay','abhinay.aruva@gmail.com','$2y$10$FT8lz43f5Ffn5q5qWt7Fd.BARthOo5qk4TtkiMfkr838Y.FtZRkyS','8801709993','default.jpg',1,NULL,'2016-02-26 22:23:05','2016-02-26 22:39:18'),(68,'njkn','neelmnjknjk@ymail.com','$2y$10$jH5GpcQK79Judy1tvvt2aubYVoO47U9IaUKXOiKtFn4e0SbiBbecO','1234568972','default.jpg',1,NULL,'2016-02-26 22:44:49','2016-02-26 22:51:05'),(69,'nsajd','asndja@gmail.com','$2y$10$FFgNna75ga4hZoU2.8DHWO3Pazhi7cIlfYl3Nb9l5HkXWje2twfu2','9876543256','default.jpg',1,NULL,'2016-02-26 22:53:05','2016-03-01 01:12:00'),(70,'sssss','sssss@sss.com','$2y$10$ROxgYfHZ.2o4U53MihM95uflKyisUmdiuw9LJn8onwypjwkFrnIZe','2222211111','default.jpg',0,NULL,'2016-02-27 17:25:26','2016-02-29 11:25:16'),(71,'Bharath','bharath@hellogenie.in','$2y$10$EzwB7iPssmKOL6SCB3kLouUjhMOWT3dKxES8XdRkYl5wpb1rkxb1O','8056125333','default.jpg',1,NULL,'2016-02-27 17:40:47','2016-02-27 17:40:47'),(72,'Mtel','maitel@gmail.com','$2y$10$/KS2jbD1/Q4YDyMPN7z31OzAkpiNbhGBWszXeL5DrG42P7epcQJS2','9731516178','default.jpg',1,NULL,'2016-02-27 20:28:05','2016-02-27 20:42:27'),(73,'Maitrl','maitri19l@gmail.com','$2y$10$vnqZakT.NDNvBYKX3QEQwu6/P5KGxRx7whU.J7iw.MrtJEU2yAfEe','9033465493','default.jpg',1,NULL,'2016-02-27 20:47:44','2016-03-03 18:05:54'),(74,'Ranza','bpsibi@gmail.com','$2y$10$Vk/fWQVWccBgVZhWeBDAVOWLTd7k.0xWB9LGIuNm9HMd.mYW0AXze','9444056802','default.jpg',1,NULL,'2016-02-28 14:16:45','2016-02-28 14:16:45'),(75,'Julka Soni','sonijulka60@yahoo.in','$2y$10$kzjM0guxH52NVWB2GhPPneux.sXzdCt4cmLlbovLhaGFym0UZfN66','8460799819','default.jpg',1,NULL,'2016-02-28 15:54:15','2016-02-28 15:54:15'),(76,'Anshita Ahuja','anshitaahuja@yahoo.co.in','$2y$10$senFNNqIUsyyiyGHu5P7GOvhOu8CWnj8hI7BOPhMf1pWXHaNo084G','9601657781','default.jpg',1,NULL,'2016-02-28 17:30:40','2016-02-28 17:30:40'),(77,'Dhaval Trivedi','dhavaltrivedi62@gmail.com','$2y$10$u5mq4nrIM2Uk/CYAPHc/euP1a4YoKh5NUxgpzgB.AxZpM8I4wwBp2','9879784657','default.jpg',1,NULL,'2016-02-28 19:11:10','2016-02-28 19:11:10'),(78,'Neel Mevada','neelmevada@ymail.com','$2y$10$O4Cc2fpLRH0Wfb3bLBmoHuP54QAtZIMfCoI1iW0FjaTDbegDgYi1C','8866166298','default.jpg',1,NULL,'2016-02-28 19:13:00','2016-02-28 19:13:00'),(79,'sss','kkk@kkk.com','$2y$10$TmaR1DtoNeJ5qBAfRIecp.4rbgeKg93ZrmrK3SOn0NYlHZNbuI2Ya','1234512222','default.jpg',0,NULL,'2016-02-28 20:45:21','2016-02-29 11:33:26'),(80,'aswin','dsdsdsdb@gmail.com','$2y$10$SQr6DkyZ12TmhjOlVnqI2.pYaFxlpDDuStZxifSvABhmT/2qEsxty','9840356722','default.jpg',1,NULL,'2016-02-28 20:57:02','2016-02-28 22:01:21'),(81,'test 2','kk@kk.com','$2y$10$yxWRY49jOB5p1BNoYTE6hOO3U5Usr5zWUfu3GD8BA.6f90LkNRrXK','2222255555','default.jpg',1,NULL,'2016-02-28 21:02:31','2016-02-28 22:02:08'),(82,'aswinsdsds','aswinbssdsdarathb@gmail.com','$2y$10$HTGzkh2/ghATiOezSYM1BOID0BkTC1NfhVtJb27QEnlKzCNN4iGIu','9884433333','default.jpg',1,NULL,'2016-02-28 22:02:57','2016-02-29 17:39:43'),(83,'sangeet','san214hjh29@gmail.com','$2y$10$tU7k42hHB3r493vFqDl5YeBgFIGxCdXq5PmF4NfmHWBExTnFK/8pW','8547421864','default.jpg',1,NULL,'2016-02-29 00:39:26','2016-02-29 00:44:01'),(85,'Manthan','manthan.khakharia@gmail.com','$2y$10$5QdvDXVYbCA3eAzpsi9Re.d8Ho3GPN75VaEh9VFC0LIuF.2qYSKp.','8015353053','default.jpg',1,NULL,'2016-02-29 10:25:58','2016-02-29 10:25:58'),(86,'Smakith Bar','samkithbalecha@gmail.com','$2y$10$S61OJbXEA1FDkjXclMZq3OuXuwImWcgNyLFzXqbIl38Qo.2RugKL.','9840315233','default.jpg',1,NULL,'2016-02-29 10:58:32','2016-02-29 10:58:32'),(89,'aswin','aswinbarathb@gmail.com','$2y$10$k1i6MSPDtQqw1bmOdszrjuwGDhnkgIsBy3WuDrv6IZCRHGRJ7IPbS','9840356790','default.jpg',1,NULL,'2016-02-29 22:22:25','2016-02-29 22:22:25'),(90,'sangeet','san21429ada@gmail.com','$2y$10$cwy4HOMHbvn3JLTmBetQnO2UTGpKoD9qnbOb8d5.aTb2QOyOzJKzC','8547421832','default.jpg',1,NULL,'2016-02-29 23:04:29','2016-03-01 20:10:48'),(91,'Vaibhav Bhatu','bhatuvaibhav@yahoo.in','$2y$10$NSHoRJfH1dgJHt15YQY/K.xs9bEzGv3rQvBlmHIQ.Qkq8zHEQoLeO','9033182077','default.jpg',1,NULL,'2016-03-01 00:58:16','2016-03-01 00:58:16'),(92,'Neel Mevada','neelmevada93@gmail.com','$2y$10$u.vcIL0lQ.030kbr7ngddeR4736fRczblnrUMLpaAiNlgrjKe2boG','8511067716','default.jpg',1,NULL,'2016-03-01 01:12:21','2016-03-01 01:12:21'),(93,'Anirudh Sriraman','anirudhsriraman97@gmail.com','$2y$10$7/XBkU9J.68y1goEUg8MueXJJ8zUgfjIQm9fnY5jxlURys8.SogaG','9791035417','default.jpg',1,NULL,'2016-03-01 09:28:22','2016-03-01 09:28:22'),(95,'test','sangeet@gmail.com','$2y$10$n9xI2HdbNkku15NJixD10uU4aTyBd2KwAzKE1XcRPgVFvnOvZnj0C','9645338159','default.jpg',1,NULL,'2016-03-01 13:43:53','2016-03-01 13:43:53'),(97,'Sunny Sheen','sunnysheen27@gmail.com','$2y$10$0DQysK3XLfAvWNnd6A8jcOA/7QrVRSpifBB1yxtxrCCTgUwJ.0Jte','9176594000','default.jpg',1,NULL,'2016-03-02 00:03:37','2016-03-02 00:03:37'),(98,'Maitri Patel','maitri19.patel@gmail.com','$2y$10$ZzGGvwhRdFNvXkJSPD2po.AroDRDEl396F28/9BrJ/VJtLihaWBbe','9033465793','default.jpg',1,NULL,'2016-03-03 18:24:37','2016-03-03 18:24:37'),(99,'Chirag ','chiragkhat@gmail.com','$2y$10$25iVLUb9Lrj5em5vm.0ewOLvt.e08P8JsKMQWuSSdC8fdYM4uwCJC','9884474621','default.jpg',1,NULL,'2016-03-04 14:42:52','2016-03-04 14:42:52'),(101,'Subway 3','keku2411@gmail.com','$2y$10$iUpcu9yGezsvyTVGa3ITdeaELTO8pt7OIgXRmgOWQmkFDLHIyqwPK','9962370135','default.jpg',1,NULL,'2016-03-06 16:59:23','2016-03-06 16:59:23'),(102,'Ravinder','a@c.com','$2y$10$F7ihuM72n572D7cEL52e2.tHGIOuDMBQb6Jixw3E91Qlf.oWQ2Qgm','9985815303','default.jpg',1,'TdkfBrRZvMrJaOXPY6bs8rp4mZJq9XY3UGH5s3xGD2WnRHwJzONqpb6ysY1T','2016-03-07 01:16:24','2016-04-04 15:52:18'),(103,'abhilash','a@d.com','$2y$10$PhPQ/bWzVfMW7upnU2xAP.G4UVJ8dA8dv.4fG3wbI1kM0dSutU3gu','8500024748','default.jpg',1,'RtAs3mw74YG8xubz6r5ViviFrmLeeD3s6zpOsRU6Ego1oxSRGZH6Oa9R4r11','2016-03-07 01:37:54','2016-03-11 00:57:33'),(105,'Abhilash Aruva','abhilash.aruva@gmail.com','$2y$10$pjLKjnYckC3kyjH5M59QSuYO//f2RzpPO53.BZxCfZf.xt27qE11m','8500024747','default.jpg',1,NULL,'2016-03-11 00:57:58','2016-03-11 00:57:58'),(106,'Krishna Murari','krishna06@gmail.com','$2y$10$8QZ3Q0KTos9jSYO/genKhOZhjm7ThYyvrgUCozplkpqayOMtCc2Gm','9791497972','default.jpg',1,NULL,'2016-03-13 00:10:08','2016-03-13 00:10:08'),(107,'Abinand','abinand.abba@gmail.com','$2y$10$oY0qDrtYbp0KsTvOYndl.epoGy13o.XlUX.CW/.jDmveVJprSNXh6','8939639154','default.jpg',1,NULL,'2016-03-13 01:21:04','2016-03-13 01:21:04'),(108,'Neel mevada','neelmevada@gmail.com','$2y$10$vk8DwNhgdwgET/G4LIBQ5et4ZQo0V39I5YveOJi/QRqyRBUBMiBB2','8866166298','default.jpg',1,NULL,'2016-03-13 21:04:10','2016-03-13 21:04:10'),(109,'Lakshmi kanth','info@saltrestauraunts.in','$2y$10$r8tgR4Xj9xeZzPLPbl6QcOOsNQ6PD55X3Q5O4X2cjvGa9VJhVcxcC','8939042261','default.jpg',1,NULL,'2016-03-13 21:25:03','2016-03-13 21:25:03'),(110,'Hara Mohanty','customercare@swensen.co.in','$2y$10$9d2LDUj3XvKncSr4nx.hyuavyhW.R/LCkxvc9UV3fBOpwecMcSKuy','8861177622','default.jpg',1,NULL,'2016-03-14 00:19:45','2016-03-14 00:19:45'),(111,'jai','petspedigree@gmail.com','$2y$10$4IMqPQymjMXCW7MOm7qX4.qMs6XiJ0pojwlhisp2KmINwd8QhAP0S','9884065265','default.jpg',1,NULL,'2016-03-14 00:23:49','2016-03-14 00:30:49'),(112,'Chetan','chaitanyasyania@gmail.com','$2y$10$2Wg8uFXuDYcjz2tWhxGyZudtuH/KGLRkF3SFxLcaUo4pg80xUSPXe','9941313034','default.jpg',1,NULL,'2016-03-14 00:37:00','2016-03-14 00:37:00'),(113,'Krishna','fnb@deccanhotels.com','$2y$10$WPtSWqHFkxYYLJH4dW4oNuQloheygsvshqGrtjglMtSIuPQ7RcPLe','9600000559','default.jpg',1,NULL,'2016-03-14 19:08:54','2016-03-14 19:08:54'),(114,'Gowri Shankar','gm@deccanhotels.com','$2y$10$c0/dBkTzLzEShLIHcJWLs.Fq4VURLkLnjEmYBDAEoD8FP7j8d5zq2','9500002855','default.jpg',1,NULL,'2016-03-14 19:14:32','2016-03-14 19:14:32'),(115,'Chandrashekar ','chandra.sekar@theresidency.com','$2y$10$yB4pEjweKviXeTZ2c1L7SOEY.B/VY0rFvUn1ZG3GzMPDc1I.gK8t6','7401201771','default.jpg',1,NULL,'2016-03-14 22:41:38','2016-03-14 22:41:38'),(116,'Rayan Goyal ','rgoyal98@gmail.com','$2y$10$dukn5noyRXoLGC4BfxtG1Oi8vQjory6qdZyA0iLOoZQEdTHBTLGda','9940633633','default.jpg',1,NULL,'2016-03-14 23:42:38','2016-03-14 23:42:38'),(117,'JAI ANAND ','tnjaianand@gmail.com','$2y$10$.LlqtEZ6yqokWR1wVvO40umD0V89gT5Cd7S5wgdPIEohx3dkMciHe','9941177664','default.jpg',1,NULL,'2016-03-15 15:41:57','2016-03-15 15:41:57'),(118,'Jai ','tnjaianand@yahoo.co.in','$2y$10$34LPKXyuQts4Gm89X/HAluUBQphdUPL1AogFm2ej5MTNCt3ywGHES','9382277664','default.jpg',1,NULL,'2016-03-15 15:48:11','2016-03-15 15:48:11'),(119,'Rakesh','rakesh1osb@gmail.com','$2y$10$ZiUwEIk/67vw.Uyp69KlPefbsxD7sLV8/exEf0pN42.bRCjiVPmv2','9940392844','default.jpg',1,NULL,'2016-03-16 22:17:18','2016-03-16 22:17:18'),(120,'Snehidhi','snehithi@nandoschennai.com','$2y$10$BnAOfrnNwsqeZxuD10DgJeU.VUC.JG8Sib/jotgRQ41I9HiMIHLKa','9791919333','default.jpg',1,NULL,'2016-03-17 21:06:10','2016-03-17 21:06:10'),(121,'Sujan','esujan98@gmail.com','$2y$10$ni2qSntikk4N1vQGFktwROkKRRzPZcPCA1hpM18AtOs1ZMNVQxC5S','9789921256','default.jpg',1,NULL,'2016-03-18 02:20:29','2016-03-18 02:20:29'),(122,'Rajesh','rajesh.basker@yahoo.com','$2y$10$.2MuTNLjIYP.jb7C7dsBBeQmo1JbXj2NsBZxhcH0iDodTeRUZbl5q','9841553160','default.jpg',1,NULL,'2016-03-18 19:11:41','2016-03-18 19:11:41'),(123,'Jai Lama','jailama123@yahoo.co.in','$2y$10$J67OqwCusDLzIGOpcusBN.jws9WgPFJw8v7E.bNPf80hFKG0Nstlq','7358186080','default.jpg',1,NULL,'2016-03-18 19:57:08','2016-03-18 19:57:08'),(124,'Sudhakar','sudhakardx123@gmail.com','$2y$10$i35hVo6FJKSEU.SXeQc3j.i2VBuzpX5jqKI7DoHIM/lqqRzt2pCsS','7502092721','default.jpg',1,NULL,'2016-03-18 20:52:40','2016-03-18 20:52:40'),(125,'Dinesh','dinesh_gov@yahoo.com','$2y$10$5VdL.u87HdjUg0CWAJEgIe1yYi0zCOnvc7QjCp1wPb1.WYxEZGnYO','9698205761','default.jpg',1,NULL,'2016-03-18 21:16:34','2016-03-18 21:16:34'),(127,'Rohan Jamber','rohan.cool39@yahoo.in','$2y$10$KKW0vQ9JKo7w9bbhAUY9HOQEsxZs8H3Jdf5xTrYoDKOLM0wc4pbai','9600083765','default.jpg',1,NULL,'2016-03-21 18:14:29','2016-03-21 18:14:29'),(128,'Giftson','giftsonlownald@yahoo.co.in','$2y$10$6M7No/cWzCvaY1GrDxo7ZuFSenwr9ySQ1sogTtKUgJH7zm3Nulei.','9444343421','default.jpg',1,NULL,'2016-03-23 19:24:30','2016-03-23 19:24:30'),(129,'Arasu','arasu.dennis@gmail.com','$2y$10$u2kYGwrlj8YiZJ0wTiCy9.kJQhUZB5eZyiLfZJ7SLKB7EqM8MKx9e','9841157869','default.jpg',1,NULL,'2016-03-24 01:41:45','2016-03-24 01:41:45'),(130,'Abhilasj','a@dv.com','$2y$10$V3TgzAxt0KdDloLNugGHyuK6kgra4OvAwHYNKJYbuSZ1og.UXacBa','8500024747','default.jpg',1,NULL,'2016-03-24 17:27:51','2016-03-24 17:27:51'),(136,'Sjzhzj','ctsmahadevan@gmail.com','$2y$10$uqwdvVh2kA3ur68ZVDtfJeQri3Hdne4x7iMI2ZEyJZwerG6RzY2Eu','9840735511','default.jpg',1,NULL,'2016-03-28 20:46:27','2016-03-28 20:46:27'),(137,'Immrran','immrran.raja15@gmail.com','$2y$10$UW2fJ6/VGih4qjaO1CvO8.GatbVt.Bj0VflGpYyCBH8EOJ7xP2KP6','9841007755','default.jpg',1,NULL,'2016-04-01 21:45:09','2016-04-01 21:45:09'),(138,'Bharatwaaj Shankar','bharatwaaj.1996@gmail.com','$2y$10$9JY9021B7A/fsqUZ7.Uu/.eBBRJdFb.yL/TZkJxqye7C5WpTSBEQS','8680992809','default.jpg',1,NULL,'2016-04-02 13:28:39','2016-04-02 13:28:39'),(139,'Sandy Srivatsan','imcooolasaice@gmail.com','$2y$10$n2tK11myHL2pvEthg9foMeFWS7vjU8/1/SFdc2lnq3mvmiBOtz3RW','9791915025','default.jpg',1,NULL,'2016-04-02 14:01:03','2016-04-02 14:01:03'),(140,'Arup','a.chatterzee@gmail.com','$2y$10$bLG2w/dEHccGV2cZEU7zOOR3/n73TQm4WpKGLTlFa82OQU68VcSk6','8880722201','default.jpg',1,NULL,'2016-04-02 17:21:00','2016-04-02 17:21:00'),(141,'Arnav','arnav.bajoria@gmail.com','$2y$10$oU0inNd77ZfzTFMER0DQP.DiZqvDnXAxqYX3hIKN3JUm55CQ6hLru','9841727628','default.jpg',1,NULL,'2016-04-02 21:24:53','2016-04-02 21:24:53'),(142,'Venkatesan G','venkatesangovardhanan@gmail.com','$2y$10$9h5Xs3tPq7d6gnWC88UWTuyRydjFNPLy9hO.lZO20p73nNLm3/aDq','8939834787','default.jpg',1,NULL,'2016-04-03 02:28:07','2016-04-03 02:28:07'),(143,'Sukin Kumar','kullsno2@gmail.com','$2y$10$pYLJp5IXOZIIuSuM5WK0ae8YSG2oBKW716F8gnp5g1oRZWkCavBda','9944513445','default.jpg',1,NULL,'2016-04-03 02:57:15','2016-04-03 02:57:15'),(144,'Bharath Lalgudi Natarajan','iosdevbharath@gmail.com','$2y$10$J1wVE8endcz9IwEuYRFQYOt5743XhxxXXid7dIWK9rrDrkjyHOm0u','8056125333','default.jpg',1,NULL,'2016-04-03 20:05:28','2016-04-03 20:05:28'),(145,'Akash Girish ','wellakashis@gmail.com','$2y$10$LNWqCQayhNuXkSKnK6ieI.Ha1RDZ2.KvfwPK1D3rWYLkmAdrKKaja','9791127075','default.jpg',1,NULL,'2016-04-04 00:52:05','2016-04-04 00:52:05'),(146,'Laxshet','laxshetj13@gmail.com','$2y$10$gq1r06f.Vqb3/zp0sjyFc.xebdPQuY1VJXRyymsMRg9t1ym7JPO3S','8939143536','default.jpg',1,NULL,'2016-04-04 17:23:48','2016-04-04 17:23:48'),(147,'Joseph','ereservations@emallhotel.com','$2y$10$YGRt6bY7gUVtR7WEyenmKuNgYPFcy5x9lvIaMTqqts31dM0FHFNpG','9840876954','default.jpg',1,NULL,'2016-04-04 18:00:45','2016-04-04 18:00:45');
/*!40000 ALTER TABLE `users` ENABLE KEYS */;
UNLOCK TABLES;
/*!40103 SET TIME_ZONE=@OLD_TIME_ZONE */;

/*!40101 SET SQL_MODE=@OLD_SQL_MODE */;
/*!40014 SET FOREIGN_KEY_CHECKS=@OLD_FOREIGN_KEY_CHECKS */;
/*!40014 SET UNIQUE_CHECKS=@OLD_UNIQUE_CHECKS */;
/*!40101 SET CHARACTER_SET_CLIENT=@OLD_CHARACTER_SET_CLIENT */;
/*!40101 SET CHARACTER_SET_RESULTS=@OLD_CHARACTER_SET_RESULTS */;
/*!40101 SET COLLATION_CONNECTION=@OLD_COLLATION_CONNECTION */;
/*!40111 SET SQL_NOTES=@OLD_SQL_NOTES */;

-- Dump completed on 2016-04-05 10:17:09
